Brand,Room_Size_in_Sq/f,Stars,Tons,Power_Usage_in_Watts,Launch_Year,Price,Original_Price,Discount(%),Warranty_in_Years,Ratings,No_of_Ratings,No_of_Reviews
Godrej,150,3.0,1.4,905.88,2025,26990,40450,33,5.0,3.9,2565,205
Samsung,90,3.0,1.0,626.62,2025,28990,53490,45,1.0,4.2,8392,905
MarQ,90,3.0,1.0,684.9,2025,21990,45099,51,1.0,4.2,38787,4877
Haier,90,3.0,1.0,688.52,2025,24990,50000,50,5.0,4.1,1431,131
Blue Star,150,3.0,1.5,1006.84,2025,32990,56400,41,1.0,4.1,24469,2069
Voltas,150,3.0,1.5,975.26,2025,30990,57990,46,5.0,4.2,76440,6627
Mitsubishi,90,3.0,1.0,859.325,2025,31380,44000,28,1.0,3.0,10,1
Voltas,90,3.0,1.0,672.93,2025,27990,52390,46,5.0,4.1,7833,861
Lloyd,150,3.0,1.5,951.47,2025,30990,53990,42,1.0,4.1,19215,2111
MarQ,90,3.0,1.5,553.16,2025,19990,42799,53,1.0,4.2,2121,238
ONIDA,150,3.0,1.5,952.59,2025,27270,42290,35,1.0,4.1,15075,1776
Godrej,90,5.0,1.0,516.37,2025,30490,45050,32,5.0,4.0,2352,235
ONIDA,150,5.0,1.5,767.34,2025,30990,43190,28,1.0,4.3,6593,801
CARRIER,150,5.0,1.5,754.05,2025,39490,70100,43,1.0,4.2,24631,3377
ONIDA,90,3.0,1.0,649.78,2025,24990,44190,43,1.0,4.2,8943,1239
Godrej,150,3.0,1.5,951.91,2025,29490,42300,30,5.0,4.0,18307,1520
Hisense,90,3.0,1.0,859.325,2025,28990,39630,26,1.0,4.1,457,87
Hitachi,150,3.0,1.5,859.325,2025,33490,57400,41,1.0,4.0,10198,1239
Daikin,150,3.0,1.5,966.47,2025,34490,53830,35,5.0,4.2,20497,1541
Samsung,150,3.0,1.5,852.47,2025,32490,56990,42,1.0,4.1,35239,3226
Samsung,150,5.0,1.5,859.325,2025,41490,79190,47,5.0,4.2,25552,2605
Hisense,150,3.0,1.5,859.325,2025,30990,42400,26,1.0,4.1,1316,261
MarQ,150,3.0,1.5,859.325,2025,25790,46999,45,1.0,4.2,47658,6142
MarQ,200,3.0,2.0,1281.64,2025,34490,61699,44,1.0,4.2,1376,156
Blue Star,90,3.0,1.0,859.325,2025,30900,39000,20,1.0,3.7,4721,632
Lloyd,150,3.0,1.5,941.66,2025,30990,53990,42,1.0,4.1,19215,2111
Godrej,150,3.0,1.4,905.88,2025,26990,40450,33,5.0,3.9,2565,205
Voltas,90,3.0,1.0,672.93,2025,27990,52390,46,5.0,4.1,7833,861
Lloyd,150,5.0,1.5,859.325,2025,36999,66900,44,1.0,4.1,10738,1307
Godrej,150,4.0,1.5,835.07,2025,30990,46000,32,5.0,4.0,9418,703
ONIDA,150,3.0,1.5,952.59,2025,27270,42290,35,1.0,4.1,15072,1776
Godrej,90,5.0,1.0,516.37,2025,30490,45050,32,5.0,4.0,2352,235
LG,150,3.0,1.5,852.44,2025,33990,72990,53,1.0,4.1,39723,3780
Lloyd,200,3.0,2.0,1261.37,2023,41590,77990,46,1.0,3.9,619,51
TCL,90,3.0,1.0,657.31,2025,23990,50991,52,1.0,3.9,206,25
Lloyd,90,3.0,0.8,549.06,2025,23146,47990,51,1.0,4.1,2759,390
Samsung,90,3.0,1.0,626.62,2025,28990,53490,45,1.0,4.2,8392,905
CARRIER,150,5.0,1.5,754.05,2025,39490,70100,43,1.0,4.2,24631,3377
Voltas,200,3.0,2.0,1207.93,2025,40990,73590,44,5.0,4.1,1623,146
Daikin,200,3.0,1.8,1057.21,2025,50990,70610,27,5.0,4.2,382,45
Godrej,150,3.0,1.5,951.91,2025,29490,42300,30,5.0,4.0,18307,1520
Hisense,90,3.0,1.0,859.325,2025,28990,39630,26,1.0,4.1,457,87
Lloyd,150,3.0,1.5,859.325,2025,30990,53990,42,1.0,4.1,19215,2111
LG,150,3.0,1.5,1005.66,2025,38990,82990,53,1.0,4.1,39723,3780
MarQ,150,5.0,1.5,781.88,2025,29490,56199,47,1.0,4.2,27223,3428
realme,90,5.0,1.0,526.8,2025,28490,50699,43,1.0,4.2,903,124
Samsung,150,5.0,1.5,859.325,2025,41490,79190,47,5.0,4.2,25552,2605
Hitachi,150,3.0,1.5,859.325,2025,33490,57400,41,1.0,4.0,10198,1239
CARRIER,150,3.0,1.5,859.325,2026,32990,65500,49,1.0,4.2,35585,4407
Voltas,90,3.0,1.0,774.11,2025,24570,35990,31,1.0,4.2,3609,305
Godrej,150,3.0,1.4,905.88,2025,26990,40450,33,5.0,3.9,2565,205
Voltas,90,3.0,1.0,672.93,2025,27990,52390,46,5.0,4.1,7833,861
Voltas,90,5.0,1.0,518.75,2025,32990,58890,43,1.0,4.2,1851,234
Godrej,150,3.0,2.5,1330.81,2025,44980,62650,28,5.0,4.0,208,19
LG,150,5.0,1.5,859.325,2025,42990,84990,49,1.0,4.2,42295,4041
Samsung,150,3.0,1.5,859.325,2025,33290,74000,55,5.0,4.1,35239,3226
ONIDA,150,3.0,1.5,952.59,2025,27270,42290,35,1.0,4.1,15072,1776
Godrej,90,5.0,1.0,516.37,2025,30490,45050,32,5.0,4.0,2352,235
LG,90,5.0,1.0,515.84,2025,36490,69990,47,1.0,4.2,7074,769
Blue Star,90,5.0,1.0,538.94,2025,34790,59000,41,1.0,4.1,2223,226
Samsung,90,3.0,1.0,626.62,2025,28990,53490,45,1.0,4.2,8392,905
CARRIER,150,5.0,1.5,754.05,2025,39490,70100,43,1.0,4.2,24631,3377
Panasonic,150,3.0,1.5,977.16,2025,34480,51900,33,1.0,4.2,22368,2199
Blue Star,150,5.0,1.5,783.33,2025,40990,69100,40,1.0,4.2,12556,1070
Lloyd,90,5.0,1.0,533.89,2025,31900,48990,34,1.0,4.0,1116,96
Panasonic,150,3.0,1.4,929.59,2025,31710,50100,36,1.0,4.2,90,17
Godrej,150,3.0,1.5,951.91,2025,29490,42300,30,5.0,4.0,18307,1520
Hisense,90,3.0,1.0,859.325,2025,28990,39630,26,1.0,4.1,457,87
Godrej,150,3.0,1.5,966.34,2024,29599,45900,35,5.0,4.0,18307,1520
Godrej,90,3.0,1.0,694.03,2024,26999,42900,37,5.0,4.0,7284,668
Samsung,150,5.0,1.5,859.325,2025,41490,79190,47,5.0,4.2,25552,2605
Hitachi,150,3.0,1.5,859.325,2025,33490,57400,41,1.0,4.0,10198,1239
CARRIER,90,5.0,1.0,536.2,2025,32990,61300,46,1.0,4.1,4439,700
Mitsubishi,200,3.0,1.9,1212.1,2024,54986,72000,23,1.0,3.4,13,1
Lloyd,200,3.0,2.0,1264.42,2025,42490,71490,40,1.0,3.9,619,51
Haier,150,3.0,1.5,1192.12,2025,25370,43600,41,1.0,3.9,409,36
Samsung,90,3.0,1.0,626.62,2025,28990,53490,45,1.0,4.2,8392,905
Godrej,150,3.0,1.4,905.88,2025,26990,40450,33,5.0,3.9,2565,205
Samsung,150,3.0,1.5,1047.62,2025,35490,63490,44,1.0,4.1,35239,3226
CARRIER,150,5.0,1.5,754.05,2025,39490,70100,43,1.0,4.2,24631,3377
Voltas,90,3.0,1.0,672.93,2025,27990,52390,46,5.0,4.1,7833,861
ONIDA,150,3.0,1.5,952.59,2025,27270,42290,35,1.0,4.1,15075,1776
LG,150,4.0,1.5,838.67,2025,37990,75990,50,1.0,4.1,2016,222
Godrej,90,5.0,1.0,516.37,2025,29990,48900,38,5.0,4.0,2352,235
Godrej,150,3.0,1.5,1003.51,2024,27479,47900,42,1.0,4.0,18307,1520
Haier,150,5.0,1.5,714.29,2025,38050,71000,46,1.0,4.1,2092,252
Godrej,150,3.0,1.5,951.91,2025,29490,42300,30,5.0,4.0,18307,1520
Hisense,90,3.0,1.0,859.325,2025,28990,39630,26,1.0,4.1,457,87
Lloyd,90,3.0,1.0,698.48,2025,27490,49990,45,1.0,4.1,4841,538
IFB,150,3.0,1.5,859.325,2025,36990,67286,45,1.0,4.2,7601,805
Samsung,150,5.0,1.5,859.325,2025,41490,79190,47,5.0,4.2,25552,2605
Hitachi,150,3.0,1.5,859.325,2025,33490,57400,41,1.0,4.0,10198,1239
CARRIER,200,5.0,2.0,920.55,2025,51990,84400,38,1.0,4.2,2140,238
Lloyd,90,5.0,1.0,859.325,2025,30999,56990,45,1.0,4.0,1116,96
Panasonic,200,3.0,2.0,1215.59,2024,42190,63900,33,1.0,4.2,794,69
Lloyd,90,3.0,1.0,689.77,2025,34500,54990,37,1.0,4.1,4841,538
Godrej,150,3.0,1.4,905.88,2025,26990,40450,33,5.0,3.9,2565,205
Voltas,90,3.0,1.0,672.93,2025,27990,52390,46,5.0,4.1,7833,861
Godrej,150,5.0,1.5,728.31,2025,34850,60500,42,5.0,4.0,10543,1072
MOTOROLA,200,3.0,2.0,1281.64,2025,39990,68199,41,1.0,4.4,381,58
ONIDA,150,3.0,1.5,952.59,2025,27270,42290,35,1.0,4.1,15072,1776
Godrej,90,5.0,1.0,516.37,2025,30490,45050,32,5.0,4.0,2352,235
IFB,200,3.0,2.0,1252.53,2025,40990,73740,44,10.0,4.2,1048,106
Voltas,150,3.0,1.5,859.325,2025,35990,70890,49,1.0,4.2,76440,6627
LG,150,5.0,1.5,744.75,2025,46990,84990,44,1.0,4.2,42295,4041
CARRIER,150,3.0,1.5,859.325,2026,34490,65900,47,1.0,4.2,35577,4407
Samsung,90,3.0,1.0,626.62,2025,28990,53490,45,1.0,4.2,8392,905
CARRIER,150,5.0,1.5,754.05,2025,39490,70100,43,1.0,4.2,24631,3377
ONIDA,200,3.0,2.0,1231.9,2025,35990,66290,45,1.0,4.2,988,102
Panasonic,200,3.0,2.0,1200.23,2025,48770,64800,24,1.0,4.2,794,69
Godrej,150,3.0,1.5,951.91,2025,29490,42300,30,5.0,4.0,18307,1520
Hisense,90,3.0,1.0,859.325,2025,28990,39630,26,1.0,4.1,457,87
TCL,150,3.0,1.5,993.57,2025,27990,52991,47,1.0,4.1,1067,126
LG,150,5.0,1.5,859.325,2025,41990,78990,46,1.0,4.2,42295,4041
Godrej,90,3.0,1.0,1054.0,2025,28990,38600,24,5.0,4.0,7284,668
Mitsubishi,150,3.0,1.5,951.43,2024,45028,64300,29,1.0,4.0,50,4
Samsung,150,5.0,1.5,859.325,2025,41490,79190,47,5.0,4.2,25552,2605
Hitachi,150,3.0,1.5,859.325,2025,33490,57400,41,1.0,4.0,10198,1239
Midea,150,3.0,1.5,952.68,2025,28490,57400,50,1.0,4.3,17785,2754
Daikin,150,4.0,2.2,1184.53,2024,58590,86800,32,1.0,4.3,84,6
Godrej,150,3.0,1.4,905.88,2025,26990,40450,33,5.0,3.9,2565,205
Voltas,90,3.0,1.0,672.93,2025,27990,52390,46,5.0,4.1,7833,861
MarQ,200,3.0,2.0,1281.64,2024,65999,57798,40,1.0,4.2,1376,156
realme,90,3.0,1.0,675.18,2024,49999,57798,40,1.0,4.2,1144,116
Daikin,200,3.0,1.8,1057.21,2025,50990,70610,27,5.0,4.2,382,45
Voltas,150,5.0,1.5,859.325,2025,32990,45990,28,1.0,4.3,8293,876
ONIDA,150,3.0,1.5,952.59,2025,27270,42290,35,1.0,4.1,15072,1776
Samsung,90,3.0,1.0,626.62,2025,28990,53490,45,1.0,4.2,8392,905
ONIDA,150,3.0,1.5,859.325,2025,27990,51490,45,1.0,4.1,15072,1776
Blue Star,90,5.0,1.0,517.12,2023,36990,63500,41,1.0,4.1,2223,226
Godrej,90,5.0,1.0,516.37,2025,30490,45050,32,5.0,4.0,2352,235
CARRIER,150,5.0,1.5,754.05,2025,39490,70100,43,1.0,4.2,24631,3377
IFB,150,5.0,1.5,706.85,2024,71990,57798,40,1.0,4.1,11805,1023
Blue Star,90,3.0,1.0,859.325,2025,29990,47900,37,1.0,4.1,4401,411
Godrej,150,3.0,1.5,859.325,2025,25490,38600,33,5.0,4.0,1868,137
Panasonic,90,3.0,1.0,667.91,2025,31250,45100,30,1.0,4.2,5180,594
Godrej,150,3.0,1.5,951.91,2025,29490,42300,30,5.0,4.0,18307,1520
Hisense,90,3.0,1.0,859.325,2025,28990,39630,26,1.0,4.1,457,87
Samsung,150,3.0,1.5,859.325,2025,33290,74000,55,5.0,4.1,35239,3226
LG,150,3.0,1.5,859.325,2026,35990,75190,52,1.0,4.1,39723,3780
Samsung,150,5.0,1.5,859.325,2025,41490,79190,47,5.0,4.2,25552,2605
Hitachi,150,3.0,1.5,859.325,2025,33490,57400,41,1.0,4.0,10198,1239
Godrej,150,3.0,1.5,1203.74,2025,25490,38600,33,5.0,4.0,1868,137
realme,150,3.0,1.5,952.69,2024,53999,57798,40,1.0,4.1,1303,160
TCL,150,3.0,1.5,993.57,2025,27990,52991,47,1.0,4.1,1067,126
Lloyd,90,5.0,1.0,859.325,2025,30999,56990,45,1.0,4.0,1116,96
Panasonic,150,5.0,1.5,759.55,2025,41390,59300,30,1.0,4.3,20029,2152
CARRIER,150,3.0,1.5,952.68,2025,32990,62900,47,1.0,4.2,35577,4407
LG,150,5.0,1.5,859.325,2025,41990,78990,46,1.0,4.2,42295,4041
Samsung,150,5.0,1.5,749.48,2024,39990,72990,45,1.0,4.2,25552,2605
Godrej,150,3.0,1.4,905.88,2025,26990,40450,33,5.0,3.9,2565,205
Voltas,90,3.0,1.0,672.93,2025,27990,52390,46,5.0,4.1,7833,861
Blue Star,90,3.0,1.0,859.325,2025,30900,39000,20,1.0,3.7,4721,632
Lloyd,150,5.0,1.5,759.37,2025,43290,75490,42,1.0,4.1,10738,1307
Godrej,150,3.0,1.5,966.34,2024,29599,45900,35,5.0,4.0,18307,1520
IFB,200,3.0,2.0,1248.28,2024,46750,65400,28,1.0,4.2,1048,106
ONIDA,150,3.0,1.5,952.59,2025,27270,42290,35,1.0,4.1,15072,1776
Godrej,90,5.0,1.0,516.37,2025,30490,45050,32,5.0,4.0,2352,235
Godrej,150,5.0,1.5,1111.14,2025,31270,49990,37,5.0,4.0,622,61
realme,90,3.0,1.0,684.78,2025,47899,57798,40,1.0,4.2,1144,116
Samsung,90,3.0,1.0,626.62,2025,28990,53490,45,1.0,4.2,8392,905
CARRIER,150,5.0,1.5,754.05,2025,39490,70100,43,1.0,4.2,24631,3377
LG,90,3.0,0.8,625.33,2024,67990,57798,40,1.0,3.8,351,26
Godrej,150,3.0,1.5,1003.51,2024,27479,47900,42,1.0,4.0,18307,1520
Godrej,150,3.0,1.5,1262.92,2023,27849,46990,40,1.0,4.0,1868,137
Godrej,200,5.0,2.0,916.68,2024,48849,63600,23,5.0,4.0,201,17
Godrej,150,3.0,1.5,951.91,2025,29490,42300,30,5.0,4.0,18307,1520
Hisense,90,3.0,1.0,859.325,2025,28990,39630,26,1.0,4.1,457,87
LG,90,3.0,1.0,650.52,2025,34290,62990,45,1.0,4.2,5676,681
Blue Star,150,5.0,1.5,754.85,2024,42990,72800,40,1.0,4.2,12556,1070
Samsung,90,3.0,1.0,626.62,2025,28990,53490,45,1.0,4.2,8392,905
Godrej,150,3.0,1.4,905.88,2025,26990,40450,33,5.0,3.9,2565,205
Samsung,150,5.0,1.5,749.48,2024,42990,72990,41,1.0,4.2,25552,2605
Panasonic,150,5.0,1.5,774.19,2024,42650,63400,32,1.0,4.3,20029,2152
LG,200,3.0,2.0,1218.49,2025,47990,82794,42,1.0,4.1,1471,111
LG,150,3.0,1.5,1115.04,2023,73990,57798,40,1.0,4.1,4633,439
Voltas,90,3.0,1.0,672.93,2025,27990,52390,46,5.0,4.1,7833,861
ONIDA,150,3.0,1.5,952.59,2025,27270,42290,35,1.0,4.1,15075,1776
LG,90,5.0,1.0,521.2,2024,75990,57798,40,1.0,4.2,7074,769
Haier,150,5.0,1.5,925.24,2023,37850,71500,47,5.0,4.1,2092,252
Godrej,90,5.0,1.0,516.37,2025,30490,45050,32,5.0,4.0,2352,235
CARRIER,150,5.0,1.5,754.05,2025,39490,70100,43,1.0,4.2,24631,3377
IFB,150,3.0,1.5,991.28,2024,33850,62990,46,1.0,4.2,7601,805
Voltas,150,3.0,1.5,859.325,2024,28990,45990,36,1.0,4.2,12192,1216
Whirlpool,150,5.0,1.5,728.95,2025,32990,47000,29,1.0,4.2,20918,2369
TCL,90,3.0,1.0,657.31,2025,23990,50991,52,1.0,3.9,206,25
Godrej,150,3.0,1.5,951.91,2025,29490,42300,30,5.0,4.0,18307,1520
Hisense,90,3.0,1.0,859.325,2025,28990,39630,26,1.0,4.1,457,87
Panasonic,150,5.0,1.5,774.19,2024,42850,65400,34,1.0,4.3,20029,2152
Panasonic,90,5.0,1.0,524.08,2024,34970,54100,35,1.0,4.2,3865,426
Samsung,150,5.0,1.5,859.325,2025,41490,79190,47,5.0,4.2,25552,2605
Hitachi,150,3.0,1.5,859.325,2025,33490,57400,41,1.0,4.0,10198,1239
CARRIER,150,3.0,1.5,859.325,2025,28499,47590,40,1.0,4.3,2425,276
Panasonic,200,3.0,2.0,1215.59,2024,42190,63900,33,1.0,4.2,794,69
Voltas,150,3.0,1.5,859.325,2024,28990,45990,36,1.0,4.2,12192,1216
Panasonic,150,5.0,1.5,774.19,2024,42850,65400,34,1.0,4.3,20029,2152
Godrej,150,3.0,1.4,905.88,2025,26990,40450,33,5.0,3.9,2565,205
Voltas,90,3.0,1.0,672.93,2025,27990,52390,46,5.0,4.1,7833,861
Voltas,200,3.0,2.0,1220.59,2023,39549,79990,50,1.0,4.1,1623,146
Panasonic,90,4.0,1.0,601.5,2024,30970,51100,39,1.0,4.2,592,50
ONIDA,150,3.0,1.5,952.59,2025,27270,42290,35,1.0,4.1,15072,1776
Godrej,90,5.0,1.0,516.37,2025,30490,45050,32,5.0,4.0,2352,235
Lloyd,150,5.0,1.5,751.65,2025,45499,77990,41,1.0,4.1,10738,1307
LG,150,4.0,1.5,838.5,2023,32999,95990,65,1.0,4.1,2016,222
Blue Star,150,5.0,1.5,859.325,2025,33570,49900,32,1.0,4.2,1423,139
Lloyd,150,3.0,1.5,989.8,2025,36490,58490,37,1.0,4.1,19215,2111
Samsung,90,3.0,1.0,626.62,2025,28990,53490,45,1.0,4.2,8392,905
CARRIER,150,5.0,1.5,754.05,2025,39490,70100,43,1.0,4.2,24631,3377
Voltas,150,3.0,1.5,859.325,2025,32599,68999,52,1.0,4.2,76440,6627
Lloyd,150,3.0,1.5,859.325,2025,30699,60990,49,1.0,4.1,19215,2111
Godrej,150,3.0,1.5,951.91,2025,29490,42300,30,5.0,4.0,18307,1520
Hisense,90,3.0,1.0,859.325,2025,28990,39630,26,1.0,4.1,457,87
LG,150,3.0,1.5,859.325,2025,72990,57798,40,1.0,4.1,39723,3780
IFB,150,3.0,1.5,1002.83,2024,39700,72000,44,1.0,4.2,7601,805
realme,150,5.0,1.5,781.88,2025,61699,57798,40,1.0,4.2,4330,568
Daikin,150,3.0,1.5,989.31,2023,37990,55600,31,1.0,4.2,20497,1541
Godrej,150,3.0,1.4,905.88,2025,26990,40450,33,5.0,3.9,2565,205
Voltas,90,3.0,1.0,672.93,2025,27990,52390,46,5.0,4.1,7833,861
Lloyd,200,3.0,2.0,1264.42,2025,42490,71490,40,1.0,3.9,619,51
Haier,150,3.0,1.5,1192.12,2025,25370,43600,41,1.0,3.9,409,36
ONIDA,150,3.0,1.5,952.59,2025,27270,42290,35,1.0,4.1,15072,1776
Godrej,90,5.0,1.0,516.37,2025,30490,45050,32,5.0,4.0,2352,235
Daikin,150,3.0,1.5,859.325,2024,36499,53800,32,1.0,4.2,20497,1541
Hitachi,200,3.0,2.0,1277.22,2023,41900,74050,43,1.0,4.0,507,67
Lloyd,150,5.0,1.5,758.96,2024,35999,67990,47,1.0,4.1,10738,1307
Lloyd,150,3.0,1.5,1180.51,2024,26590,40900,34,1.0,4.1,3118,334
Samsung,90,3.0,1.0,626.62,2025,28990,53490,45,1.0,4.2,8392,905
CARRIER,150,5.0,1.5,754.05,2025,39490,70100,43,1.0,4.2,24631,3377
MOTOROLA,150,3.0,1.5,952.69,2024,49999,57798,40,1.0,4.2,1431,191
Voltas,150,3.0,1.5,859.325,2025,33850,64900,47,5.0,4.2,76440,6627
Godrej,150,3.0,1.5,951.91,2025,29490,42300,30,5.0,4.0,18307,1520
Hisense,90,3.0,1.0,859.325,2025,28990,39630,26,1.0,4.1,457,87
Samsung,150,3.0,1.5,859.325,2025,35490,78290,54,5.0,4.1,35239,3226
Haier,200,5.0,1.6,859.325,2025,45990,78200,41,1.0,4.1,179,16
Sansui,90,3.0,1.0,859.325,2025,52990,57798,40,1.0,4.1,2661,479
CARRIER,90,3.0,1.0,859.325,2026,29990,55100,45,1.0,4.2,13023,1541
Samsung,150,5.0,1.5,859.325,2025,41490,79190,47,5.0,4.2,25552,2605
Hitachi,150,3.0,1.5,859.325,2025,33490,57400,41,1.0,4.0,10198,1239
Sansui,150,5.0,1.5,859.325,2024,31990,57490,44,1.0,4.1,10652,2264
Daikin,150,3.0,1.5,1099.44,2022,38593,55600,30,1.0,4.2,20497,1541
Godrej,150,3.0,1.4,905.88,2025,26990,40450,33,5.0,3.9,2565,205
Voltas,90,5.0,1.0,518.75,2025,32990,58890,43,1.0,4.2,1851,234
LG,150,5.0,1.5,744.54,2024,41936,85990,51,1.0,4.2,42295,4041
Lloyd,150,3.0,1.5,990.77,2025,36990,63490,41,1.0,4.1,19215,2111
MOTOROLA,200,3.0,2.0,1281.64,2025,39990,68199,41,1.0,4.4,381,58
Godrej,150,3.0,1.5,905.41,2024,35490,55900,36,5.0,4.0,18307,1520
Voltas,90,3.0,1.0,672.93,2025,27990,52390,46,5.0,4.1,7833,861
ONIDA,150,3.0,1.5,952.59,2025,27270,42290,35,1.0,4.1,15072,1776
MITASHI,90,3.0,1.0,765.59,2018,29500,40500,27,5.0,4.1,1420,361
Sansui,150,5.0,1.5,859.325,2025,63990,57798,40,1.0,4.1,10652,2264
Godrej,90,5.0,1.0,516.37,2025,30490,45050,32,5.0,4.0,2352,235
Samsung,90,3.0,1.0,626.62,2025,28990,53490,45,1.0,4.2,8392,905
Godrej,90,3.0,0.8,513.39,2024,37700,57798,40,5.0,4.0,380,27
Lloyd,150,3.0,1.5,1180.51,2023,25990,43990,40,1.0,4.1,3118,334
LG,150,5.0,1.5,744.75,2025,84990,57798,40,1.0,4.2,42295,4041
Godrej,150,5.0,1.5,859.325,2024,31699,60999,48,5.0,4.0,622,61
CARRIER,150,5.0,1.5,754.05,2025,39490,70100,43,1.0,4.2,24631,3377
Godrej,150,3.0,1.5,951.91,2025,29490,42300,30,5.0,4.0,18307,1520
Blue Star,90,3.0,0.8,859.325,2025,23290,27600,15,1.0,4.1,495,33
Voltas,150,3.0,1.5,859.325,2025,31400,54990,42,1.0,4.2,76440,6627
Hisense,90,3.0,1.0,859.325,2025,28990,39630,26,1.0,4.1,457,87
Samsung,150,5.0,1.5,859.325,2025,41490,79190,47,5.0,4.2,25552,2605
Haier,90,5.0,1.0,541.48,2025,32999,67000,50,5.0,3.9,528,71
Panasonic,150,3.0,1.5,859.325,2025,33800,61900,45,1.0,4.2,22368,2199
Voltas,150,5.0,1.5,859.325,2024,32390,49990,35,1.0,4.3,8293,876
Godrej,150,5.0,1.5,859.325,2025,32000,60900,47,1.0,4.0,622,61
Godrej,150,3.0,1.4,905.88,2025,26990,40450,33,5.0,3.9,2565,205
Voltas,90,3.0,1.0,672.93,2025,27990,52390,46,5.0,4.1,7833,861
Hitachi,90,3.0,1.0,859.325,2025,30490,50700,39,1.0,4.0,2323,304
O-General,200,3.0,2.0,859.325,2025,61490,65990,6,1.0,3.0,6,1
ONIDA,150,3.0,1.5,952.59,2025,27270,42290,35,1.0,4.1,15075,1776
Godrej,90,5.0,1.0,516.37,2025,30490,45050,32,5.0,4.0,2352,235
Hitachi,150,3.0,1.5,859.325,2025,34890,53050,34,1.0,4.0,10198,1239
Mitsubishi,200,3.0,1.9,1212.1,2024,54986,72000,23,1.0,3.4,13,1
Lloyd,150,3.0,1.5,859.325,2025,26990,43990,38,1.0,4.1,3118,334
CARRIER,150,5.0,1.5,859.325,2026,34990,58190,39,1.0,4.3,1021,112
Samsung,90,3.0,1.0,626.62,2025,28990,53490,45,1.0,4.2,8392,905
CARRIER,150,5.0,1.5,754.05,2025,39490,70100,43,1.0,4.2,24631,3377
Mitsubishi,150,2.0,1.5,1122.45,2024,40880,49000,16,1.0,3.8,15,0
Midea,150,5.0,1.5,754.05,2023,37990,68990,44,1.0,4.3,3013,468
Godrej,150,3.0,1.5,951.91,2025,29490,42300,30,5.0,4.0,18307,1520
Hisense,90,3.0,1.0,859.325,2025,28990,39630,26,1.0,4.1,457,87
Blue Star,90,3.0,0.8,544.39,2024,28490,39100,27,1.0,4.2,6546,721
Godrej,150,5.0,1.5,859.325,2025,33200,54900,39,1.0,4.0,10543,1072
Daikin,150,3.0,1.5,881.05,2022,34982,61049,42,5.0,4.2,20497,1541
Voltas,150,5.0,1.5,859.325,2025,38350,89900,57,1.0,4.2,38086,3644
Samsung,150,5.0,1.5,859.325,2025,41490,79190,47,5.0,4.2,25552,2605
Hitachi,150,3.0,1.5,859.325,2025,33490,57400,41,1.0,4.0,10198,1239
Godrej,150,5.0,1.5,728.37,2024,34350,56500,39,5.0,4.0,10543,1072
Blue Star,90,3.0,1.0,0.0,2020,30900,39000,20,1.0,3.7,4721,632
Godrej,150,3.0,1.4,905.88,2025,26990,40450,33,5.0,3.9,2565,205
Voltas,90,3.0,1.0,672.93,2025,27990,52390,46,5.0,4.1,7833,861
Hitachi,150,3.0,1.5,859.325,2025,33490,57400,41,1.0,4.0,10198,1239
Lloyd,150,3.0,1.5,1180.51,2023,25850,47990,46,1.0,4.1,3118,334
Voltas,200,3.0,2.0,1220.59,2024,40190,79990,49,5.0,4.1,1623,146
O-General,110,3.0,1.2,983.12,2023,29990,34590,13,1.0,4.0,24,1
ONIDA,150,3.0,1.5,952.59,2025,27270,42290,35,1.0,4.1,15072,1776
Godrej,90,5.0,1.0,516.37,2025,30490,45050,32,5.0,4.0,2352,235
Lloyd,150,3.0,1.5,1215.35,2022,39122,40990,4,1.0,4.1,3118,334
Hitachi,90,3.0,1.0,859.325,2025,30699,48900,37,1.0,4.0,2323,304
Samsung,90,3.0,1.0,626.62,2025,28990,53490,45,1.0,4.2,8392,905
CARRIER,150,5.0,1.5,754.05,2025,39490,70100,43,1.0,4.2,24631,3377
Godrej,150,5.0,1.4,690.34,2025,34350,50400,31,5.0,3.9,73,4
LG,150,5.0,1.5,744.75,2025,46990,84990,44,1.0,4.2,42295,4041
Daikin,150,4.0,2.6,1476.47,2025,85199,115230,26,5.0,3.1,11,3
IFB,150,3.0,1.5,859.325,2025,36990,67286,45,1.0,4.2,7601,805
Godrej,150,3.0,1.5,951.91,2025,29490,42300,30,5.0,4.0,18307,1520
Hisense,90,3.0,1.0,859.325,2025,28990,39630,26,1.0,4.1,457,87
Hitachi,90,3.0,1.0,921.0,2021,25749,32990,21,1.0,4.3,1208,139
Hitachi,90,2.0,1.0,921.0,2023,24000,31990,24,1.0,4.0,375,41
Samsung,150,5.0,1.5,859.325,2025,41490,79190,47,5.0,4.2,25552,2605
CARRIER,150,3.0,1.5,859.325,2026,34490,65900,47,1.0,4.2,35577,4407
Sharp,150,5.0,1.5,859.325,2025,64990,57798,40,1.0,3.7,24,3
Voltas,150,3.0,1.5,1037.79,2024,31790,62990,49,1.0,4.2,76440,6627
Samsung,200,3.0,2.0,2000.0,2025,44490,89490,50,1.0,4.0,353,18
Haier,200,5.0,1.6,859.325,2025,43650,85000,48,1.0,4.1,179,16
Godrej,150,3.0,1.4,905.88,2025,26990,40450,33,5.0,3.9,2565,205
Voltas,90,3.0,1.0,672.93,2025,27990,52390,46,5.0,4.1,7833,861
Daikin,90,3.0,0.8,548.84,2023,25490,37400,31,1.0,4.2,4584,464
Panasonic,150,5.0,1.5,774.19,2024,38570,67900,43,1.0,4.3,20029,2152
ONIDA,150,3.0,1.5,952.59,2025,27270,42290,35,1.0,4.1,15072,1776
Godrej,90,5.0,1.0,516.37,2025,30490,45050,32,5.0,4.0,2352,235
Panasonic,200,5.0,2.0,926.31,2024,51970,83400,37,1.0,4.4,912,97
Panasonic,150,3.0,1.5,859.325,2025,32070,55400,42,1.0,4.2,22368,2199
Haier,150,3.0,1.5,987.76,2023,31650,62500,49,1.0,4.0,5332,534
Whirlpool,90,3.0,1.0,684.14,2024,29490,57700,48,1.0,4.1,10778,1224
Samsung,90,3.0,1.0,626.62,2025,28990,53490,45,1.0,4.2,8392,905
CARRIER,150,5.0,1.5,754.05,2025,39490,70100,43,1.0,4.2,24631,3377
Acer,150,3.0,1.5,964.77,2025,26985,45999,41,1.0,3.8,58,7
Hitachi,200,3.0,2.0,859.325,2025,48770,75400,35,1.0,4.0,507,67
Godrej,150,3.0,1.5,951.91,2025,29490,42300,30,5.0,4.0,18307,1520
Hisense,90,3.0,1.0,859.325,2025,28990,39630,26,1.0,4.1,457,87
Godrej,150,3.0,1.5,980.37,2025,30990,45050,31,5.0,4.0,18307,1520
Hitachi,150,3.0,1.5,1039.62,2022,36879,52500,29,1.0,4.0,10198,1239
Voltas,150,5.0,1.5,859.325,2024,38650,71690,46,1.0,4.2,38086,3644
Daikin,150,4.0,2.2,1184.53,2024,58590,86800,32,1.0,4.3,84,6
Godrej,150,3.0,1.4,905.88,2025,26990,40450,33,5.0,3.9,2565,205
Voltas,90,3.0,1.0,672.93,2025,27990,52390,46,5.0,4.1,7833,861
Voltas,90,5.0,1.0,511.13,2024,33490,63990,47,5.0,4.2,1851,234
Panasonic,90,5.0,1.0,531.41,2023,44990,64400,30,1.0,4.2,3865,426
ONIDA,150,3.0,1.5,952.59,2025,27270,42290,35,1.0,4.1,15072,1776
Godrej,90,5.0,1.0,516.37,2025,30490,45050,32,5.0,4.0,2352,235
Hitachi,150,3.0,1.5,1194.27,2025,29799,41499,28,1.0,4.1,6339,663
Blue Star,150,5.0,1.5,770.98,2023,39850,73000,45,1.0,4.2,12556,1070
Lloyd,150,3.0,1.5,940.43,2024,29480,61990,52,1.0,4.1,19215,2111
O-General,150,5.0,1.5,799.44,2023,71990,82100,12,1.0,4.1,82,17
Samsung,90,3.0,1.0,626.62,2025,28990,53490,45,1.0,4.2,8392,905
Godrej,150,5.0,1.5,859.325,2025,34490,50600,31,5.0,4.0,10543,1072
Haier,150,5.0,1.5,880.3,2020,38650,65000,40,1.0,4.1,2090,252
IFB,90,5.0,1.0,859.325,2025,32790,64990,49,1.0,4.0,54,3
CARRIER,150,5.0,1.5,754.05,2025,39490,70100,43,1.0,4.2,24631,3377
Godrej,150,3.0,1.5,951.91,2025,29490,42300,30,5.0,4.0,18307,1520
Frigidaire,150,3.0,1.5,1000.34,2023,30999,57980,46,1.0,3.8,5,1
Panasonic,90,3.0,1.0,859.325,2025,28970,53900,46,1.0,4.2,5180,594
CARRIER,200,5.0,2.0,859.325,2025,54490,88000,38,1.0,4.2,2140,238
Daikin,90,3.0,1.0,680.4,2025,32999,44420,25,5.0,4.1,4200,358
Hisense,90,3.0,1.0,859.325,2025,28990,39630,26,1.0,4.1,457,87
Samsung,150,5.0,1.5,859.325,2025,41490,79190,47,5.0,4.2,25552,2605
Haier,200,5.0,1.6,836.95,2023,39559,76500,48,5.0,4.1,179,16
ONIDA,150,3.0,1.5,969.15,2023,29431,45233,34,1.0,4.1,15072,1776
Godrej,150,3.0,1.4,905.88,2025,26990,40450,33,5.0,3.9,2565,205
Voltas,90,5.0,1.0,518.75,2025,32990,58890,43,1.0,4.2,1851,234
Voltas,90,3.0,1.0,682.59,2024,27590,56990,51,1.0,4.1,7833,861
IFB,150,3.0,1.5,859.325,2025,34850,60500,42,1.0,4.2,7601,805
Panasonic,150,5.0,1.5,774.19,2024,42860,72900,41,1.0,4.3,20029,2152
Panasonic,90,5.0,1.0,523.98,2023,33970,61900,45,1.0,4.2,3865,426
Voltas,90,3.0,1.0,672.93,2025,27990,52390,46,5.0,4.1,7833,861
ONIDA,150,3.0,1.5,952.59,2025,27270,42290,35,1.0,4.1,15072,1776
Voltas,150,5.0,1.5,751.28,2023,35570,75990,53,1.0,4.2,38086,3644
LG,200,3.0,2.0,859.325,2025,51990,78990,34,1.0,4.1,1471,111
Godrej,90,5.0,1.0,516.37,2025,30490,45050,32,5.0,4.0,2352,235
Samsung,90,3.0,1.0,626.62,2025,28990,53490,45,1.0,4.2,8392,905
Godrej,150,3.0,1.5,1046.29,2022,29599,47900,38,5.0,4.0,18307,1520
Panasonic,200,3.0,2.0,1170.01,2023,57990,76900,24,1.0,4.2,794,69
Voltas,200,2.0,2.0,1542.79,2023,33290,50990,34,1.0,4.1,158,9
CARRIER,90,3.0,1.0,1120.0,2022,24999,37590,33,1.0,4.2,563,73
CARRIER,150,5.0,1.5,754.05,2025,39490,70100,43,1.0,4.2,24631,3377
Godrej,150,3.0,1.5,951.91,2025,29490,42300,30,5.0,4.0,18307,1520
Voltas,150,5.0,1.5,751.28,2024,36990,75990,51,1.0,4.2,38086,3644
Haier,150,3.0,1.5,859.325,2025,31020,62500,50,1.0,4.0,5332,534
Hisense,90,3.0,1.0,859.325,2025,28990,39630,26,1.0,4.1,457,87
Samsung,150,5.0,1.5,859.325,2025,41490,79190,47,5.0,4.2,25552,2605
Whirlpool,150,5.0,1.5,701.52,2023,38490,70600,45,1.0,4.2,20918,2369
Blue Star,200,5.0,2.0,935.89,2025,51890,85000,38,1.0,4.0,279,15
Blue Star,150,3.0,1.5,1456.0,2021,58999,61972,4,1.0,4.1,24469,2069
Godrej,150,3.0,1.5,1006.54,2024,29567,45900,35,1.0,4.0,18307,1520
Godrej,150,3.0,1.4,905.88,2025,26990,40450,33,5.0,3.9,2565,205
Voltas,90,3.0,1.0,672.93,2025,27990,52390,46,5.0,4.1,7833,861
Panasonic,200,3.0,2.0,1215.89,2024,51645,70400,26,1.0,4.2,794,69
Whirlpool,150,3.0,1.5,941.42,2024,28999,37200,22,1.0,4.1,29651,3512
ONIDA,150,3.0,1.5,952.59,2025,27270,42290,35,1.0,4.1,15072,1776
Godrej,90,5.0,1.0,516.37,2025,30490,45050,32,5.0,4.0,2352,235
Haier,150,4.0,1.5,913.0,2024,37573,69000,45,5.0,4.0,216,16
Blue Star,90,3.0,0.8,521.6,2023,41500,41833,40,1.0,4.2,6546,721
Godrej,90,3.0,1.0,752.71,2021,26999,42900,37,1.0,4.0,7284,668
Daikin,150,3.0,1.5,989.31,2022,37090,55600,33,1.0,4.2,20497,1541
Samsung,90,3.0,1.0,626.62,2025,28990,53490,45,1.0,4.2,8392,905
CARRIER,150,5.0,1.5,754.05,2025,39490,70100,43,1.0,4.2,24631,3377
Haier,200,3.0,2.0,1276.55,2024,44999,83990,46,5.0,4.0,91,8
Daikin,90,5.0,1.0,859.325,2024,35799,54200,33,5.0,4.2,1649,166
Godrej,150,3.0,1.5,951.91,2025,29490,42300,30,5.0,4.0,18307,1520
Hisense,90,3.0,1.0,859.325,2025,28990,39630,26,1.0,4.1,457,87
Daikin,90,5.0,1.0,523.54,2022,37850,60500,37,1.0,4.2,1649,166
Hitachi,200,3.0,1.8,1236.39,2022,45999,69600,33,1.0,3.7,179,12
Lloyd,90,3.0,1.0,709.86,2023,29200,49990,41,1.0,4.1,4840,538
Haier,200,3.0,2.0,1276.55,2023,45890,82990,44,5.0,4.0,91,8
Samsung,150,5.0,1.5,859.325,2025,41490,79190,47,5.0,4.2,25552,2605
Hitachi,150,3.0,1.5,859.325,2025,33490,57400,41,1.0,4.0,10198,1239
Panasonic,150,5.0,1.5,859.325,2025,39999,62500,36,1.0,4.3,20029,2152
Samsung,150,5.0,1.5,859.325,2025,42188,79190,46,1.0,4.2,25552,2605
Godrej,150,3.0,1.4,905.88,2025,26990,40450,33,5.0,3.9,2565,205
Voltas,90,3.0,1.0,672.93,2025,27990,52390,46,5.0,4.1,7833,861
CARRIER,90,3.0,1.0,870.87,2023,24940,39990,37,1.0,4.2,563,73
Lloyd,90,3.0,1.0,644.02,2023,26199,39990,34,1.0,4.1,4840,538
Godrej,90,3.0,1.0,772.56,2024,24970,35990,30,1.0,4.3,141,7
Sharp,150,5.0,1.5,859.325,2025,64990,57798,40,1.0,3.7,24,3
ONIDA,150,3.0,1.5,952.59,2025,27270,42290,35,1.0,4.1,15072,1776
Godrej,90,5.0,1.0,516.37,2025,30490,45050,32,5.0,4.0,2352,235
Whirlpool,150,5.0,1.5,859.325,2025,36450,70500,48,1.0,4.2,20918,2369
LG,200,3.0,2.0,1230.49,2023,64490,89990,28,1.0,4.1,1471,111
Samsung,90,3.0,1.0,626.62,2025,28990,53490,45,1.0,4.2,8392,905
CARRIER,150,5.0,1.5,754.05,2025,39490,70100,43,1.0,4.2,24631,3377
Whirlpool,150,3.0,1.5,1015.5,2023,32450,64999,50,1.0,4.1,29651,3512
Blue Star,150,3.0,1.5,859.325,2025,33990,63750,46,1.0,4.1,24469,2069
Mitsubishi,90,3.0,1.0,859.325,2025,31380,44000,28,1.0,3.0,10,1
Hitachi,150,5.0,1.5,1305.63,2021,43650,60500,27,1.0,4.0,4987,700
Godrej,150,3.0,1.5,951.91,2025,29490,42300,30,5.0,4.0,18307,1520
Hisense,90,3.0,1.0,859.325,2025,28990,39630,26,1.0,4.1,457,87
Godrej,150,3.0,1.5,965.71,2023,29599,45400,34,5.0,4.0,18307,1520
Whirlpool,200,3.0,2.0,1197.2,2025,37990,47000,19,1.0,4.0,754,81
Samsung,150,5.0,1.5,859.325,2025,41490,79190,47,5.0,4.2,25552,2605
Hitachi,150,3.0,1.5,859.325,2025,33490,57400,41,1.0,4.0,10198,1239
Voltas,150,3.0,1.5,859.325,2025,31990,54990,41,1.0,4.2,76440,6627
Lloyd,90,3.0,0.8,859.325,2024,24900,41990,40,1.0,4.1,2759,390
Godrej,150,3.0,1.5,859.325,2023,36990,54900,32,1.0,4.1,7833,861
Samsung,150,3.0,1.5,1900.0,2024,35990,63490,43,1.0,4.1,35239,3226
Godrej,150,3.0,1.4,905.88,2025,26990,40450,33,5.0,3.9,2565,205
Voltas,90,3.0,1.0,672.93,2025,27990,52390,46,5.0,4.1,7833,861
Voltas,150,5.0,1.5,742.94,2023,41990,79990,47,1.0,4.2,38086,3644
O-General,200,3.0,2.0,859.325,2024,61449,68900,10,1.0,3.0,6,1
ONIDA,150,3.0,1.5,952.59,2025,27270,42290,35,1.0,4.1,15072,1776
Godrej,90,5.0,1.0,516.37,2025,30490,45050,32,5.0,4.0,2352,235
Voltas,110,3.0,1.2,1700.0,2021,26366,54990,52,1.0,4.2,8773,980
CARRIER,90,5.0,1.0,859.325,2024,36850,62500,41,5.0,4.1,4439,700
Blue Star,150,3.0,1.5,859.325,2025,28799,39500,27,1.0,4.2,1808,175
Voltas,150,5.0,1.5,859.325,2024,41350,89900,54,1.0,4.2,38086,3644
Samsung,90,3.0,1.0,626.62,2025,28990,53490,45,1.0,4.2,8392,905
CARRIER,150,5.0,1.5,754.05,2025,39490,70100,43,1.0,4.2,24631,3377
Godrej,150,3.0,1.5,980.37,2022,31990,47899,33,1.0,4.0,18307,1520
Lloyd,150,3.0,1.5,859.325,2024,30499,69999,56,1.0,4.1,19215,2111
Godrej,150,3.0,1.5,951.91,2025,29490,42300,30,5.0,4.0,18307,1520
Hisense,90,3.0,1.0,859.325,2025,28990,39630,26,1.0,4.1,457,87
Lloyd,150,5.0,1.5,1044.27,2025,50490,57798,40,1.0,4.1,1160,144
Lloyd,150,5.0,1.5,780.56,2025,38350,69990,45,1.0,4.1,10738,1307
Daikin,150,3.0,1.5,859.325,2025,36499,53800,32,1.0,4.2,20497,1541
Godrej,90,5.0,1.0,584.46,2022,29990,48000,37,1.0,4.0,2352,235
Godrej,150,3.0,1.4,905.88,2025,26990,40450,33,5.0,3.9,2565,205
Voltas,90,3.0,1.0,672.93,2025,27990,52390,46,5.0,4.1,7833,861
Lloyd,90,3.0,1.0,774.11,2022,23430,43900,46,1.0,4.1,961,111
Voltas,150,5.0,1.5,769.14,2023,38350,75400,49,1.0,4.2,38086,3644
ONIDA,150,3.0,1.5,952.59,2025,27270,42290,35,1.0,4.1,15075,1776
Godrej,90,5.0,1.0,516.37,2025,30490,45050,32,5.0,4.0,2352,235
Hitachi,90,3.0,1.0,669.16,2023,32145,54300,40,1.0,4.0,2323,304
Hitachi,90,3.0,1.0,669.16,2023,35110,55400,36,1.0,4.0,2323,304
Whirlpool,150,3.0,1.5,943.67,2024,30850,65400,52,1.0,4.1,29651,3512
Godrej,150,3.0,1.5,1046.29,2021,29599,43900,32,1.0,4.0,18307,1520
Samsung,90,3.0,1.0,626.62,2025,28990,53490,45,1.0,4.2,8392,905
CARRIER,150,5.0,1.5,754.05,2025,39490,70100,43,1.0,4.2,24631,3377
Godrej,150,5.0,1.5,840.2,2022,34650,55900,38,1.0,4.0,10543,1072
Voltas,90,3.0,1.0,672.93,2022,26899,56990,52,1.0,4.1,7833,861
Godrej,150,3.0,1.5,951.91,2025,29490,42300,30,5.0,4.0,18307,1520
Hisense,90,3.0,1.0,859.325,2025,28990,39630,26,1.0,4.1,457,87
Blue Star,200,3.0,2.0,859.325,2025,39590,50700,21,1.0,3.9,148,13
Hitachi,200,5.0,2.0,859.325,2025,55507,98950,43,1.0,4.0,108,18
Blue Star,200,3.0,2.0,1250.18,2022,48190,63999,24,1.0,4.0,1100,68
Hitachi,150,5.0,1.5,859.325,2024,40129,75850,47,1.0,4.0,4987,700
Samsung,150,5.0,1.5,859.325,2025,41490,79190,47,5.0,4.2,25552,2605
Hitachi,150,3.0,1.5,859.325,2025,33490,57400,41,1.0,4.0,10198,1239
Haier,90,3.0,1.0,697.66,2024,30179,60000,49,1.0,4.1,1431,131
Panasonic,200,5.0,2.0,859.325,2025,60870,87900,30,1.0,4.4,912,97
Godrej,150,3.0,1.4,905.88,2025,26990,40450,33,5.0,3.9,2565,205
Voltas,90,3.0,1.0,672.93,2025,27990,52390,46,5.0,4.1,7833,861
Godrej,150,3.0,1.5,1003.51,2024,28699,47990,40,1.0,4.0,18307,1520
Daikin,150,5.0,1.5,785.67,2023,39509,66443,40,1.0,4.3,14326,1261
Acer,90,5.0,1.0,523.76,2024,29299,48999,40,1.0,4.1,7833,861
Hitachi,150,5.0,1.5,859.325,2025,44690,80500,44,1.0,4.0,4987,700
ONIDA,150,3.0,1.5,952.59,2025,27270,42290,35,1.0,4.1,15075,1776
Godrej,90,5.0,1.0,516.37,2025,30490,45050,32,5.0,4.0,2352,235
Hitachi,90,3.0,1.0,859.325,2025,28599,48900,41,1.0,4.0,2323,304
Godrej,200,3.0,2.0,1201.27,2022,37990,51990,26,1.0,3.9,1692,104
Samsung,90,3.0,1.0,626.62,2025,28990,53490,45,1.0,4.2,8392,905
CARRIER,150,5.0,1.5,754.05,2025,39490,70100,43,1.0,4.2,24631,3377
Lloyd,90,3.0,1.0,5500.0,2021,26990,44900,39,1.0,4.1,4841,538
Haier,90,3.0,1.0,859.325,2025,29399,60000,51,1.0,4.1,1431,131
Whirlpool,150,3.0,1.5,989.55,2022,30650,64600,52,1.0,4.1,29651,3512
Panasonic,200,5.0,2.0,859.325,2025,63450,83450,23,1.0,4.4,912,97
Godrej,150,3.0,1.5,951.91,2025,29490,42300,30,5.0,4.0,18307,1520
Hisense,90,3.0,1.0,859.325,2025,28990,39630,26,1.0,4.1,457,87
Haier,200,5.0,2.0,859.325,2025,52190,97000,46,1.0,3.7,3,0
Samsung,150,5.0,1.5,1290.0,2025,38999,72990,46,1.0,4.2,25552,2605
Samsung,150,5.0,1.5,859.325,2025,41490,79190,47,5.0,4.2,25552,2605
Hitachi,150,3.0,1.5,859.325,2025,33490,57400,41,1.0,4.0,10198,1239
Samsung,150,5.0,1.5,1290.0,2024,44853,81990,45,1.0,4.2,25552,2605
Hitachi,150,3.0,1.5,1024.34,2023,37737,64500,41,1.0,4.0,10198,1239
Voltas,150,3.0,1.5,1191.35,2023,25990,42990,39,1.0,4.2,12192,1216
LG,150,5.0,1.5,744.99,2023,56990,91990,38,1.0,4.2,42295,4041
Godrej,150,3.0,1.4,905.88,2025,26990,40450,33,5.0,3.9,2565,205
Voltas,90,3.0,1.0,672.93,2025,27990,52390,46,5.0,4.1,7833,861
Blue Star,150,3.0,1.5,1180.51,2024,37060,42900,13,1.0,4.2,1808,175
Blue Star,150,3.0,1.5,1026.46,2023,33260,63250,47,1.0,4.1,24469,2069
ONIDA,150,3.0,1.5,952.59,2025,27270,42290,35,1.0,4.1,15072,1776
Godrej,90,5.0,1.0,516.37,2025,30490,45050,32,5.0,4.0,2352,235
Lloyd,90,3.0,1.0,700.06,2023,27590,50990,45,1.0,4.1,4840,538
Lloyd,90,3.0,1.0,698.49,2022,27690,50990,45,1.0,4.1,4840,538
Hitachi,150,3.0,1.5,1039.62,2024,34390,56300,38,1.0,4.0,10198,1239
Lloyd,150,3.0,1.5,1002.31,2023,32590,60990,46,1.0,4.1,19215,2111
Samsung,90,3.0,1.0,626.62,2025,28990,53490,45,1.0,4.2,8392,905
CARRIER,150,5.0,1.5,754.05,2025,39490,70100,43,1.0,4.2,24631,3377
Blue Star,150,3.0,1.5,1456.0,2021,58999,61972,4,1.0,4.1,24469,2069
Godrej,150,3.0,1.5,1006.54,2024,29567,45900,35,1.0,4.0,18307,1520
Godrej,150,3.0,1.5,951.91,2025,29490,42300,30,5.0,4.0,18307,1520
Hisense,90,3.0,1.0,859.325,2025,28990,39630,26,1.0,4.1,457,87
Panasonic,200,3.0,2.0,1215.89,2024,51645,70400,26,1.0,4.2,794,69
Whirlpool,150,3.0,1.5,941.42,2024,28999,37200,22,1.0,4.1,29651,3512
CANDY,150,5.0,1.5,735.72,2023,36990,71000,47,10.0,4.0,109,11
Daikin,150,5.0,1.5,785.67,2023,43999,67200,34,5.0,4.3,14326,1261
Samsung,150,5.0,1.5,859.325,2025,41490,79190,47,5.0,4.2,25552,2605
Hitachi,150,3.0,1.5,859.325,2025,33490,57400,41,1.0,4.0,10198,1239
Daikin,90,5.0,1.0,523.54,2022,37850,60500,37,1.0,4.2,1649,166
Hitachi,200,3.0,1.8,1236.39,2022,45999,69600,33,1.0,3.7,179,12
Godrej,150,3.0,1.4,905.88,2025,26990,40450,33,5.0,3.9,2563,205
Voltas,90,3.0,1.0,672.93,2025,27990,52390,46,5.0,4.1,7833,861
Lloyd,90,3.0,1.0,709.86,2023,29200,49990,41,1.0,4.1,4840,538
Haier,200,3.0,2.0,1276.55,2023,45890,82990,44,5.0,4.0,91,8
Haier,150,5.0,1.5,743.05,2023,37650,71490,47,5.0,4.1,2090,252
Panasonic,150,5.0,1.5,859.325,2025,33540,48650,31,1.0,4.3,128,14
ONIDA,150,3.0,1.5,952.59,2025,27270,42290,35,1.0,4.1,15072,1776
Godrej,90,5.0,1.0,516.37,2025,30490,45050,32,5.0,4.0,2352,235
Panasonic,150,5.0,1.5,774.19,2022,44350,66500,33,1.0,4.3,20029,2152
Hitachi,150,5.0,1.5,859.325,2025,50399,80500,37,1.0,4.0,4987,700
Samsung,90,3.0,1.0,626.62,2025,28990,53490,45,1.0,4.2,8392,905
CARRIER,150,5.0,1.5,754.05,2025,39490,70100,43,1.0,4.2,24631,3377
ONIDA,150,5.0,1.5,781.48,2023,33490,57990,42,1.0,4.3,6593,801
ONIDA,150,3.0,1.5,1002.84,2023,29891,44900,33,1.0,4.1,15072,1776
CARRIER,150,5.0,1.5,1135.3,2020,39959,58100,31,1.0,4.3,1021,112
Voltas,90,3.0,1.0,749.34,2023,24560,35990,31,1.0,4.2,3609,305
Godrej,150,3.0,1.5,951.91,2025,29490,42300,30,5.0,4.0,18307,1520
Hisense,90,3.0,1.0,859.325,2025,28990,39630,26,1.0,4.1,457,87
Haier,90,3.0,1.0,732.84,2022,30600,59490,48,1.0,4.1,1431,131
CARRIER,150,5.0,1.5,754.05,2024,39650,77500,48,1.0,4.2,24631,3377
Samsung,150,5.0,1.5,859.325,2025,41490,79190,47,5.0,4.2,25552,2605
Hitachi,150,3.0,1.5,859.325,2025,33490,57400,41,1.0,4.0,10198,1239
Blue Star,150,3.0,1.5,859.325,2025,30490,45000,32,1.0,4.2,1808,175
Panasonic,90,3.0,1.0,859.325,2025,28970,50100,42,1.0,4.2,5180,594
Lloyd,150,3.0,1.5,1012.53,2023,33100,57990,42,1.0,4.1,19215,2111
Blue Star,90,5.0,1.0,859.325,2025,37650,50999,26,1.0,4.1,2223,226
Godrej,150,3.0,1.4,905.88,2025,26990,40450,33,5.0,3.9,2565,205
Voltas,90,5.0,1.0,518.75,2025,32990,58890,43,1.0,4.2,1851,234
Blue Star,150,3.0,1.5,1042.15,2024,41789,69900,40,1.0,4.1,24469,2069
Haier,200,5.0,1.6,836.95,2024,38990,80000,51,1.0,4.1,179,16
Voltas,90,3.0,1.0,672.93,2025,27990,52390,46,5.0,4.1,7833,861
ONIDA,150,3.0,1.5,952.59,2025,27270,42290,35,1.0,4.1,15072,1776
Lloyd,90,2.0,1.0,744.69,2023,29874,50000,40,1.0,4.1,433,63
Whirlpool,150,3.0,1.5,0.0,2019,31576,50600,37,1.0,4.1,29651,3512
Voltas,150,5.0,1.5,859.325,2025,34490,51990,33,1.0,4.3,8293,876
CARRIER,150,5.0,1.5,888.75,2020,39850,60500,34,1.0,4.2,24631,3377
Godrej,90,5.0,1.0,516.37,2025,30490,45050,32,5.0,4.0,2352,235
Samsung,90,3.0,1.0,626.62,2025,28990,53490,45,1.0,4.2,8392,905
CARRIER,200,5.0,2.0,859.325,2024,49999,88000,43,5.0,4.2,2140,238
Panasonic,150,3.0,1.5,1023.96,2022,35419,57900,38,1.0,4.2,22368,2199
CARRIER,150,5.0,1.5,754.05,2025,39490,70100,43,1.0,4.2,24631,3377
Godrej,150,3.0,1.5,951.91,2025,29490,42300,30,5.0,4.0,18307,1520
Hitachi,150,5.0,1.5,1068.21,2023,42842,48990,12,1.0,4.1,2891,328
Panasonic,200,3.0,2.0,1224.96,2022,52050,65400,20,1.0,4.2,794,69
Panasonic,150,3.0,1.5,1000.53,2024,52100,56400,7,1.0,4.2,22368,2199
CARRIER,200,3.0,2.0,1249.82,2024,47650,81500,41,1.0,4.2,4041,478
Godrej,150,3.0,1.4,905.88,2025,26990,40450,33,5.0,3.9,2565,205
Voltas,90,3.0,1.0,672.93,2025,27990,52390,46,5.0,4.1,7833,861
Lloyd,150,3.0,1.5,5800.0,2021,30990,59990,48,1.0,4.1,19215,2111
Godrej,150,3.0,1.5,859.325,2025,26580,44900,40,1.0,4.0,1868,137
ONIDA,150,3.0,1.5,952.59,2025,27270,42290,35,1.0,4.1,15072,1776
Godrej,90,5.0,1.0,516.37,2025,30490,45050,32,5.0,4.0,2352,235
Lloyd,150,3.0,1.5,1002.76,2022,32764,51990,36,1.0,4.1,19215,2111
Whirlpool,150,3.0,1.5,1088.62,2018,32640,54500,40,1.0,4.1,29651,3512
CARRIER,150,3.0,1.5,859.325,2025,34500,64590,46,1.0,4.2,35577,4407
Daikin,150,3.0,1.5,966.47,2023,34799,85400,59,1.0,4.2,20497,1541
Samsung,90,3.0,1.0,626.62,2025,28990,53490,45,1.0,4.2,8392,905
CARRIER,150,5.0,1.5,754.05,2025,39490,70100,43,1.0,4.2,24631,3377
LG,90,5.0,1.0,521.2,2023,71445,72999,2,1.0,4.2,7073,768
Voltas,150,3.0,1.5,859.325,2025,31990,54990,41,1.0,4.2,76440,6627
Godrej,150,3.0,1.5,951.91,2025,29490,42300,30,5.0,4.0,18307,1520
Hisense,90,3.0,1.0,859.325,2025,28990,39630,26,1.0,4.1,457,87
Lloyd,90,3.0,0.8,859.325,2024,24900,41990,40,1.0,4.1,2759,390
Hitachi,90,3.0,1.0,706.76,2025,27180,55050,50,1.0,4.0,2323,304
Godrej,150,3.0,1.5,859.325,2023,36990,54900,32,1.0,4.1,7833,861
Samsung,150,3.0,1.5,1900.0,2024,35990,63490,43,1.0,4.1,35239,3226
Samsung,150,5.0,1.5,859.325,2025,41490,79190,47,5.0,4.2,25552,2605
Hitachi,150,3.0,1.5,859.325,2025,33490,57400,41,1.0,4.0,10198,1239
Voltas,200,5.0,2.0,859.325,2024,54900,86590,36,1.0,4.1,321,32
Voltas,150,5.0,1.5,742.94,2023,41990,79990,47,1.0,4.2,38086,3644
Godrej,150,3.0,1.4,905.88,2025,26990,40450,33,5.0,3.9,2565,205
Voltas,90,3.0,1.0,672.93,2025,27990,52390,46,5.0,4.1,7833,861
Lloyd,150,5.0,1.5,780.56,2025,38350,69990,45,1.0,4.1,10738,1307
CARRIER,150,4.0,1.5,859.34,2025,38750,70500,45,1.0,4.2,4239,497
Daikin,150,3.0,1.5,859.325,2025,36499,53800,32,1.0,4.2,20497,1541
Godrej,90,5.0,1.0,584.46,2022,29990,48000,37,1.0,4.0,2352,235
ONIDA,150,3.0,1.5,952.59,2025,27270,42290,35,1.0,4.1,15072,1776
Godrej,90,5.0,1.0,516.37,2025,30490,45050,32,5.0,4.0,2352,235
Godrej,200,3.0,2.0,859.325,2023,39990,60990,34,1.0,4.1,35,1
Hitachi,150,3.0,1.5,1012.62,2023,37540,63100,40,1.0,4.0,10198,1239
Samsung,90,3.0,1.0,626.62,2025,28990,53490,45,1.0,4.2,8392,905
CARRIER,150,5.0,1.5,754.05,2025,39490,70100,43,1.0,4.2,24631,3377
Panasonic,90,3.0,1.0,656.44,2024,31810,42100,24,1.0,4.2,5180,594
CARRIER,90,3.0,1.0,694.06,2024,28519,58199,50,1.0,4.2,13023,1541
Godrej,90,5.0,1.0,611.29,2019,32650,55400,41,1.0,4.0,2352,235
Oakter,90,1.0,0.5,859.325,2025,16999,27499,38,1.0,3.7,105,20
Godrej,150,3.0,1.5,951.91,2025,29490,42300,30,5.0,4.0,18307,1520
Hisense,90,3.0,1.0,859.325,2025,28990,39630,26,1.0,4.1,457,87
Lloyd,150,5.0,1.5,1043.5,2024,31900,50490,36,1.0,4.1,1160,144
O-General,150,3.0,1.5,1052.79,2023,55469,64210,13,1.0,3.6,92,10
Samsung,150,5.0,1.5,859.325,2025,41490,79190,47,5.0,4.2,25552,2605
Hitachi,150,3.0,1.5,859.325,2025,33490,57400,41,1.0,4.0,10198,1239
Whirlpool,90,3.0,1.0,652.12,2025,30104,40500,25,1.0,4.1,10778,1224
Lloyd,150,5.0,1.5,859.325,2025,64490,87990,26,1.0,4.1,10738,1307
Voltas,90,3.0,1.0,859.325,2025,24999,35999,30,1.0,4.2,3609,305
Haier,200,5.0,1.6,857.36,2021,43650,72990,40,1.0,4.1,179,16
Godrej,150,3.0,1.4,905.88,2025,26990,40450,33,5.0,3.9,2563,205
Voltas,90,3.0,1.0,672.93,2025,27990,52390,46,5.0,4.1,7833,861
Hitachi,150,3.0,1.5,859.325,2021,38442,55400,30,1.0,4.0,10198,1239
Hitachi,150,3.0,1.5,1157.29,2022,36940,50900,27,1.0,4.0,10198,1239
ONIDA,150,3.0,1.5,952.59,2025,27270,42290,35,1.0,4.1,15072,1776
Godrej,90,5.0,1.0,516.37,2025,30490,45050,32,5.0,4.0,2352,235
CARRIER,150,3.0,1.5,1210.0,2024,31712,45090,29,1.0,4.3,2425,276
Godrej,200,3.0,2.0,1201.27,2023,37990,60990,37,5.0,3.9,1692,104
Godrej,150,5.0,1.5,744.39,2023,34350,54900,37,5.0,4.0,10543,1072
Godrej,150,5.0,1.5,765.86,2023,34350,60500,43,5.0,4.0,10543,1072
Samsung,90,3.0,1.0,626.62,2025,28990,53490,45,1.0,4.2,8392,905
CARRIER,150,5.0,1.5,754.05,2025,39490,70100,43,1.0,4.2,24631,3377
Lloyd,150,5.0,1.5,859.325,2025,58799,83490,29,1.0,4.1,10738,1307
Lloyd,150,5.0,1.5,780.56,2023,37999,66990,43,1.0,4.1,10738,1307
Godrej,150,3.0,1.5,951.91,2025,29490,42300,30,5.0,4.0,18307,1520
Hisense,90,3.0,1.0,859.325,2025,28990,39630,26,1.0,4.1,457,87
O-General,90,3.0,0.8,859.325,2025,27990,30520,8,1.0,4.1,7833,861
Godrej,150,3.0,1.5,980.37,2022,31279,48900,36,5.0,4.0,18307,1520
Acerpure,150,5.0,1.5,859.325,2025,30690,49699,38,1.0,3.4,10,0
Hitachi,200,3.0,2.0,859.325,2025,41900,74950,44,1.0,4.0,507,67
Samsung,150,5.0,1.5,859.325,2025,41490,79190,47,5.0,4.2,25552,2605
Hitachi,150,3.0,1.5,859.325,2025,33490,57400,41,1.0,4.0,10198,1239
Panasonic,150,5.0,1.5,859.325,2024,40640,68900,41,1.0,4.3,20029,2152
IFB,200,3.0,2.0,1248.28,2024,44500,70500,36,1.0,4.2,1048,106
Godrej,150,3.0,1.4,905.88,2025,26990,40450,33,5.0,3.9,2565,205
Voltas,90,3.0,1.0,672.93,2025,27990,52390,46,5.0,4.1,7833,861
Lloyd,150,5.0,1.5,795.19,2024,37850,72900,48,1.0,4.1,10738,1307
Godrej,200,3.0,2.0,1215.35,2023,38349,61990,38,5.0,3.9,1692,104
LG,150,5.0,1.5,818.81,2022,43990,75990,42,1.0,4.2,42295,4041
LG,150,3.0,1.5,1050.84,2023,35999,68990,47,1.0,4.1,39723,3780
ONIDA,150,3.0,1.5,952.59,2025,27270,42290,35,1.0,4.1,15072,1776
Godrej,90,5.0,1.0,516.37,2025,30490,45050,32,5.0,4.0,2352,235
Daikin,90,3.0,1.0,68.4,2022,32999,48200,31,1.0,4.1,4200,358
Haier,150,3.0,1.5,859.325,2023,33850,66000,48,5.0,4.0,5332,534
Samsung,90,3.0,1.0,626.62,2025,28990,53490,45,1.0,4.2,8392,905
CARRIER,150,5.0,1.5,754.05,2025,39490,70100,43,1.0,4.2,24631,3377
Panasonic,150,4.0,1.5,876.76,2023,42850,60500,29,1.0,4.1,1936,226
Lloyd,150,3.0,1.5,1005.71,2024,30499,69999,56,1.0,4.1,19215,2111
Hitachi,150,3.0,1.5,1730.0,2021,38058,60500,37,1.0,4.0,10198,1239
Sharp,150,3.0,1.5,859.325,2025,54990,57798,40,1.0,4.2,31,3
Godrej,150,3.0,1.5,951.91,2025,29490,42300,30,5.0,4.0,18307,1520
Hisense,90,3.0,1.0,859.325,2025,28990,39630,26,1.0,4.1,457,87
Blue Star,200,3.0,2.0,1251.08,2024,43490,61500,29,1.0,4.0,1100,68
Blue Star,90,5.0,1.0,536.27,2023,33942,63250,46,1.0,4.1,2223,226
Samsung,150,5.0,1.5,859.325,2025,41490,79190,47,5.0,4.2,25552,2605
Hitachi,150,3.0,1.5,859.325,2025,33490,57400,41,1.0,4.0,10198,1239
LG,150,3.0,1.5,852.44,2023,34350,78990,56,1.0,4.1,39723,3780
Haier,200,5.0,1.6,859.325,2023,41490,82000,49,5.0,4.1,179,16
Haier,90,5.0,1.0,541.48,2024,34039,69000,50,1.0,3.9,528,71
Godrej,90,5.0,1.0,524.03,2023,29990,48900,38,5.0,4.0,2352,235
Godrej,150,3.0,1.4,905.88,2025,26990,40450,33,5.0,3.9,2565,205
Voltas,90,3.0,1.0,672.93,2025,27990,52390,46,5.0,4.1,7833,861
Kelvinator,150,3.0,1.5,859.325,2025,26080,42490,38,1.0,4.4,5,1
Blue Star,150,5.0,1.5,859.325,2025,41999,75500,44,1.0,4.2,12556,1070
ONIDA,150,3.0,1.5,952.59,2025,27270,42290,35,1.0,4.1,15072,1776
Godrej,90,5.0,1.0,516.37,2025,30490,45050,32,5.0,4.0,2352,235
Voltas,150,3.0,1.5,859.325,2025,35999,70990,49,1.0,4.2,76440,6627
Voltas,150,5.0,1.5,859.325,2024,38499,69990,44,1.0,4.2,38086,3644
Hisense,150,5.0,1.5,767.34,2024,38990,60000,35,1.0,4.2,802,161
Lloyd,90,5.0,1.0,533.89,2023,30900,48990,36,1.0,4.0,1116,96
Samsung,90,3.0,1.0,626.62,2025,28990,53490,45,1.0,4.2,8392,905
CARRIER,150,5.0,1.5,754.05,2025,39490,70100,43,1.0,4.2,24631,3377
Voltas,150,3.0,1.5,1037.79,2024,33990,70990,52,1.0,4.2,76440,6627
Sharp,90,3.0,1.0,859.325,2025,26490,49990,47,1.0,4.4,11,1
Godrej,150,3.0,1.5,951.91,2025,29490,42300,30,5.0,4.0,18307,1520
Hisense,90,3.0,1.0,859.325,2025,28990,39630,26,1.0,4.1,457,87
CARRIER,150,5.0,1.5,754.05,2024,40599,78990,48,1.0,4.2,24631,3377
CARRIER,150,3.0,1.5,859.325,2025,45415,47590,4,1.0,4.3,2425,276
Whirlpool,150,5.0,1.5,859.325,2025,35490,71990,50,1.0,4.2,20918,2369
Hitachi,150,5.0,1.5,0.0,2019,42850,60090,28,1.0,4.0,4987,700
Lloyd,90,3.0,1.0,859.325,2024,26900,49990,46,1.0,4.1,4840,538
Voltas,90,3.0,1.0,682.59,2022,29490,56990,48,1.0,4.1,7833,861
Godrej,150,5.0,1.5,859.325,2025,32990,54900,39,1.0,4.0,10543,1072
CARRIER,200,3.0,2.0,1249.82,2023,44490,80990,45,1.0,4.2,4041,478
CARRIER,200,5.0,2.0,920.55,2024,50999,91600,44,1.0,4.2,2140,238
Blue Star,90,5.0,1.0,517.83,2023,37150,60500,38,1.0,4.1,2223,226
Godrej,90,3.0,1.0,654.68,2024,26999,41900,35,5.0,4.0,7284,668
Lloyd,90,5.0,1.0,587.66,2022,31999,50000,36,1.0,4.0,1116,96
Panasonic,150,3.0,1.5,859.325,2025,31499,56400,44,1.0,4.2,22368,2199
Panasonic,150,5.0,1.5,774.19,2023,42850,65400,34,1.0,4.3,20029,2152
Haier,200,5.0,1.6,859.325,2025,43942,80100,45,1.0,4.1,179,16
CARRIER,200,3.0,2.0,1249.82,2024,47850,82500,42,1.0,4.2,4041,478
Panasonic,90,5.0,1.0,523.15,2023,58733,59999,2,1.0,4.2,3865,426
Samsung,150,5.0,1.5,1835.0,2021,38579,65990,41,1.0,4.2,25552,2605
Blue Star,150,3.0,1.5,101.2,2022,32990,61750,46,1.0,4.1,24456,2068
Blue Star,150,3.0,1.5,1012.44,2023,33700,58500,42,1.0,4.1,24456,2068
Whirlpool,150,5.0,1.5,859.31,2019,36450,64400,43,1.0,4.2,20918,2369
Blue Star,150,3.0,1.5,1012.44,2023,35064,63009,44,1.0,4.1,24456,2068
Voltas,150,4.0,1.5,945.28,2022,68520,69999,2,1.0,4.2,6439,762
Voltas,150,5.0,1.5,892.9,2022,36999,75990,51,1.0,4.2,38086,3644
Voltas,200,3.0,2.0,1323.72,2023,42350,75000,43,1.0,4.1,1623,146
CARRIER,200,3.0,2.0,1451.45,2024,37990,53990,29,1.0,3.9,39,0
Godrej,150,3.0,1.5,953.37,2024,30650,65900,53,1.0,4.0,18307,1520
Lloyd,150,5.0,1.5,859.325,2021,38250,65400,41,1.0,4.1,10738,1307
Godrej,150,3.0,1.4,905.88,2025,26990,40450,33,5.0,3.9,2565,205
Voltas,90,3.0,1.0,672.93,2025,27990,52390,46,5.0,4.1,7833,861
Daikin,200,3.0,1.8,1202.77,2020,47259,69299,31,1.0,4.2,382,45
Lloyd,150,5.0,1.5,1370.0,2022,37650,65400,42,1.0,4.1,10738,1307
Lloyd,150,5.0,1.5,859.325,2021,38250,65400,41,1.0,4.1,10738,1307
Godrej,150,3.0,1.5,1113.0,2018,29540,54500,45,1.0,4.0,18307,1520
ONIDA,150,3.0,1.5,952.59,2025,27270,42290,35,1.0,4.1,15075,1776
Godrej,90,5.0,1.0,516.37,2025,30490,45050,32,5.0,4.0,2352,235
Blue Star,150,3.0,1.5,1001.2,2023,33450,61500,45,1.0,4.1,24469,2069
Blue Star,150,3.0,1.5,1050.85,2023,33850,60500,44,1.0,4.1,24469,2069
Samsung,90,3.0,1.0,626.62,2025,28990,53490,45,1.0,4.2,8392,905
CARRIER,150,5.0,1.5,754.05,2025,39490,70100,43,1.0,4.2,24631,3377
Blue Star,150,3.0,1.5,1012.44,2023,34350,60500,43,1.0,4.1,24469,2069
LG,150,5.0,1.5,685.26,2023,39999,78990,49,1.0,4.2,42295,4041
Haier,150,3.0,1.5,1045.04,2024,33650,62500,46,1.0,4.0,5332,534
Lloyd,150,3.0,1.5,859.325,2025,31900,53900,40,1.0,4.1,19215,2111
Godrej,150,3.0,1.5,951.91,2025,29490,42300,30,5.0,4.0,18307,1520
Hisense,90,3.0,1.0,859.325,2025,28990,39630,26,1.0,4.1,457,87
Haier,90,3.0,1.0,859.325,2023,28051,58000,51,5.0,4.1,1431,131
Godrej,90,5.0,1.0,516.37,2024,29990,48900,38,1.0,4.0,2352,235
Samsung,150,5.0,1.5,859.325,2025,41490,79190,47,5.0,4.2,25552,2605
Hitachi,150,3.0,1.5,859.325,2025,33490,57400,41,1.0,4.0,10198,1239
Blue Star,150,5.0,1.5,783.33,2024,39850,75400,47,1.0,5.0,4,0
Lloyd,150,5.0,1.5,751.65,2023,38990,68990,43,1.0,4.1,10738,1307
Samsung,150,3.0,1.5,859.325,2023,36681,60990,39,1.0,4.1,35239,3226
Blue Star,90,3.0,1.0,694.32,2022,33450,50400,33,1.0,4.1,4401,411
Godrej,150,3.0,1.4,905.88,2025,26990,40450,33,5.0,3.9,2565,205
Voltas,90,3.0,1.0,672.93,2025,27990,52390,46,5.0,4.1,7833,861
LG,150,5.0,1.5,818.81,2022,43445,80500,46,1.0,4.2,42295,4041
Panasonic,90,3.0,1.0,859.325,2025,30430,49100,38,1.0,4.2,5180,594
ONIDA,150,3.0,1.5,952.59,2025,27270,42290,35,1.0,4.1,15072,1776
Godrej,90,5.0,1.0,516.37,2025,30490,45050,32,5.0,4.0,2352,235
Hitachi,90,5.0,1.0,585.85,2022,41322,54600,24,1.0,4.2,956,166
Godrej,150,3.0,1.5,859.325,2022,27290,47990,43,1.0,4.1,7833,861
Blue Star,90,3.0,1.0,705.48,2025,30050,50400,40,1.0,4.1,4401,411
Godrej,200,3.0,2.0,1231.6,2024,71950,91250,21,5.0,4.1,7833,861
Samsung,90,3.0,1.0,626.62,2025,28990,53490,45,1.0,4.2,8392,905
CARRIER,150,5.0,1.5,754.05,2025,39490,70100,43,1.0,4.2,24631,3377
Lloyd,90,3.0,1.0,571.99,2021,34645,50990,32,1.0,4.1,4840,538
CARRIER,150,5.0,1.5,754.05,2022,39850,76090,47,1.0,4.2,24631,3377
Godrej,150,3.0,1.5,951.91,2025,29490,42300,30,5.0,4.0,18307,1520
Hisense,90,3.0,1.0,859.325,2025,28990,39630,26,1.0,4.1,457,87
CARRIER,90,5.0,1.0,536.2,2024,36850,64900,43,1.0,4.1,4439,700
LG,150,3.0,1.5,2250.0,2021,50000,59990,16,1.0,4.1,39723,3780
Lloyd,150,5.0,1.5,859.325,2025,56490,83390,32,1.0,4.1,10738,1307
Blue Star,200,5.0,2.0,1087.24,2020,53150,76000,30,1.0,4.0,279,15
Samsung,150,5.0,1.5,859.325,2025,41490,79190,47,5.0,4.2,25552,2605
Hitachi,150,3.0,1.5,859.325,2025,33490,57400,41,1.0,4.0,10198,1239
LG,150,3.0,1.5,859.325,2026,37490,80290,53,1.0,4.1,39723,3780
Samsung,90,3.0,1.0,859.325,2026,67990,57798,40,1.0,4.2,8392,905
Godrej,150,3.0,1.4,905.88,2025,26990,40450,33,5.0,3.9,2565,205
Voltas,90,3.0,1.0,672.93,2025,27990,52390,46,5.0,4.1,7833,861
Voltas,150,3.0,1.5,1220.59,2022,33450,78500,57,1.0,4.2,76440,6627
Whirlpool,150,3.0,1.5,1087.22,2020,32450,53950,39,1.0,4.1,29651,3512
IFB,150,5.0,1.5,859.325,2025,45899,79272,42,1.0,4.1,11805,1023
Godrej,150,3.0,1.5,998.42,2021,29990,54990,45,1.0,4.0,18307,1520
ONIDA,150,3.0,1.5,952.59,2025,27270,42290,35,1.0,4.1,15072,1776
Godrej,90,5.0,1.0,516.37,2025,30490,45050,32,5.0,4.0,2352,235
Voltas,150,3.0,1.5,604.19,2021,34850,51990,32,1.0,4.2,76440,6627
Voltas,150,3.0,1.5,1590.0,2022,34250,50000,31,1.0,4.2,76440,6627
Samsung,90,3.0,1.0,626.62,2025,28990,53490,45,1.0,4.2,8392,905
CARRIER,150,5.0,1.5,754.05,2025,39490,70100,43,1.0,4.2,24631,3377
Lloyd,90,3.0,1.0,700.06,2023,26999,49990,45,1.0,4.1,4840,538
LG,150,5.0,1.5,835.5,2020,42650,66500,35,10.0,4.2,42295,4041
LG,150,5.0,1.5,921.0,2021,43540,75400,42,1.0,4.2,42295,4041
CARRIER,150,3.0,1.5,859.325,2026,30990,47090,34,1.0,4.3,2425,276
Godrej,150,3.0,1.5,951.91,2025,29490,42300,30,5.0,4.0,18307,1520
Hisense,90,3.0,1.0,859.325,2025,28990,39630,26,1.0,4.1,457,87
Daikin,110,5.0,1.2,859.325,2025,36490,46460,21,5.0,4.1,7833,861
Midea,150,3.0,1.5,859.325,2026,29490,59200,50,5.0,4.3,17785,2754
Samsung,150,5.0,1.5,859.325,2025,41490,79190,47,5.0,4.2,25552,2605
Hitachi,150,3.0,1.5,859.325,2025,33490,57400,41,1.0,4.0,10198,1239
White,90,3.0,1.0,756.82,2020,29818,56490,47,1.0,4.1,7833,861
ONIDA,90,3.0,0.8,859.325,2025,23990,35000,31,1.0,3.9,27,5
CARRIER,90,3.0,1.0,859.325,2025,31400,58690,46,1.0,4.2,13023,1541
Blue Star,90,5.0,1.0,517.12,2022,37950,55400,31,1.0,4.1,2223,226
Godrej,150,3.0,1.4,905.88,2025,26990,40450,33,5.0,3.9,2563,205
Voltas,90,3.0,1.0,672.93,2025,27990,52390,46,5.0,4.1,7833,861
Godrej,150,3.0,1.4,859.325,2025,27149,49990,45,1.0,3.9,2563,205
Haier,150,3.0,1.5,925.24,2023,32650,64500,49,1.0,4.0,5332,534
ONIDA,150,3.0,1.5,952.59,2025,27270,42290,35,1.0,4.1,15072,1776
Godrej,90,5.0,1.0,516.37,2025,30490,45050,32,5.0,4.0,2352,235
CARRIER,150,3.0,1.5,1750.0,2022,35350,67599,47,1.0,4.2,35577,4407
CARRIER,150,5.0,1.5,859.325,2024,40650,78990,48,1.0,4.2,24631,3377
Daikin,90,3.0,1.0,859.325,2025,32999,44420,25,1.0,4.1,4200,358
Haier,200,5.0,1.6,859.325,2025,42877,80100,46,1.0,4.1,179,16
Samsung,90,3.0,1.0,626.62,2025,28990,53490,45,1.0,4.2,8392,905
CARRIER,150,5.0,1.5,754.05,2025,39490,70100,43,1.0,4.2,24631,3377
O-General,110,3.0,1.2,859.325,2023,29599,31540,6,1.0,4.1,7833,861
Godrej,200,3.0,2.0,859.325,2025,38990,60990,36,1.0,3.9,1692,104
Godrej,150,3.0,1.5,951.91,2025,29490,42300,30,5.0,4.0,18307,1520
Hisense,90,3.0,1.0,859.325,2025,28990,39630,26,1.0,4.1,457,87
Midea,150,5.0,1.5,859.325,2026,36990,68700,46,5.0,4.3,3012,467
Lloyd,150,3.0,1.5,859.325,2024,32599,60990,46,1.0,4.1,19215,2111
iMEE,150,5.0,1.5,1360.0,2022,37597,79999,53,1.0,4.1,7833,861
iMEE,150,3.0,1.5,1835.0,2022,32970,79999,58,1.0,4.1,7833,861
Godrej,150,3.0,1.4,905.88,2025,26990,40450,33,5.0,3.9,2565,205
Godrej,200,3.0,2.0,1231.6,2024,91250,57798,40,5.0,4.1,7833,861
Electrolux,200,3.0,1.8,1210.26,2023,45444,83990,45,1.0,4.1,7833,861
Panasonic,150,5.0,1.5,858.92,2022,43850,70500,37,1.0,4.3,20029,2152
Voltas,90,3.0,1.0,672.93,2025,27990,52390,46,5.0,4.1,7833,861
ONIDA,150,3.0,1.5,952.59,2025,27270,42290,35,1.0,4.1,15072,1776
CARRIER,200,3.0,2.0,1665.0,2022,48650,75999,35,1.0,4.2,4041,478
Haier,90,5.0,1.0,859.325,2023,34720,60500,42,5.0,3.9,528,71
Voltas,150,5.0,1.5,1355.0,2020,38650,60500,36,1.0,4.2,38086,3644
CARRIER,90,5.0,1.0,859.325,2025,36990,79890,53,1.0,4.1,4439,700
Godrej,90,5.0,1.0,516.37,2025,30490,45050,32,5.0,4.0,2352,235
Samsung,90,3.0,1.0,626.62,2025,28990,53490,45,1.0,4.2,8392,905
Voltas,150,3.0,1.5,859.325,2025,34890,59790,41,1.0,4.2,76440,6627
Lloyd,150,4.0,1.5,972.33,2022,40200,59900,32,1.0,4.2,1445,208
CARRIER,150,5.0,1.5,754.05,2025,39490,70100,43,1.0,4.2,24631,3377
Godrej,150,3.0,1.5,951.91,2025,29490,42300,30,5.0,4.0,18307,1520
Panasonic,90,3.0,1.0,859.325,2025,33260,54000,38,1.0,4.2,5180,594
Lloyd,150,3.0,1.4,400.0,2021,33746,57990,41,1.0,3.3,3,1
Haier,150,3.0,1.5,1089.14,2021,33650,62990,46,5.0,4.0,5332,534
Haier,200,5.0,1.6,836.95,2024,40999,82000,50,1.0,4.1,179,16
Hisense,90,3.0,1.0,859.325,2025,28990,39630,26,1.0,4.1,457,87
Samsung,150,5.0,1.5,859.325,2025,41490,79190,47,5.0,4.2,25552,2605
Haier,200,5.0,1.6,859.325,2025,40999,82000,50,5.0,4.1,179,16
CARRIER,90,3.0,1.0,1118.0,2021,30350,45400,33,1.0,4.2,13023,1541
Godrej,150,3.0,1.4,905.88,2025,26990,40450,33,5.0,3.9,2565,205
Voltas,90,5.0,1.0,518.75,2025,32990,58890,43,1.0,4.2,1851,234
Panasonic,150,3.0,1.5,859.325,2025,34970,55400,36,1.0,4.2,22368,2199
Blue Star,150,5.0,1.5,774.88,2024,41858,74250,43,1.0,4.2,12556,1070
CARRIER,150,3.0,1.5,0.0,2019,33650,60500,44,1.0,4.2,35585,4407
Hitachi,200,4.0,1.8,1084.82,2022,52649,61300,14,1.0,3.1,32,5
Voltas,90,3.0,1.0,672.93,2025,27990,52390,46,5.0,4.1,7833,861
ONIDA,150,3.0,1.5,952.59,2025,27270,42290,35,1.0,4.1,15075,1776
BLACK+DECKER,200,3.0,2.0,1248.28,2024,46999,71999,34,2.0,4.1,7833,861
Hitachi,150,5.0,1.5,823.18,2023,42580,76600,44,1.0,4.0,4987,700
Godrej,90,5.0,1.0,516.37,2025,30490,45050,32,5.0,4.0,2352,235
Samsung,90,3.0,1.0,626.62,2025,28990,53490,45,1.0,4.2,8392,905
Hitachi,150,3.0,1.5,1703.04,2021,37150,50600,26,1.0,4.0,10198,1239
Hitachi,150,5.0,1.5,813.13,2023,42850,80500,46,1.0,4.0,4987,700
Daikin,200,5.0,1.8,923.07,2022,64350,85600,24,1.0,4.0,202,21
Haier,90,3.0,1.0,694.49,2023,30560,61490,50,1.0,4.1,1431,131
CARRIER,150,5.0,1.5,754.05,2025,39490,70100,43,1.0,4.2,24631,3377
Godrej,150,3.0,1.5,951.91,2025,29490,42300,30,5.0,4.0,18307,1520
Lloyd,150,3.0,1.5,1490.0,2021,34330,52990,35,1.0,4.1,19215,2111
Whirlpool,150,3.0,1.5,859.325,2025,32450,65400,50,1.0,4.1,29651,3512
Hisense,90,3.0,1.0,859.325,2025,28990,39630,26,1.0,4.1,457,87
Samsung,150,5.0,1.5,859.325,2025,41490,79190,47,5.0,4.2,25552,2605
Haier,200,5.0,1.6,828.37,2023,42850,80500,46,1.0,4.1,179,16
LG,90,5.0,1.0,521.2,2023,74382,75999,2,1.0,4.2,7074,769
Lloyd,150,5.0,1.5,794.34,2022,38289,75900,49,1.0,4.1,10738,1307
CARRIER,90,3.0,1.0,2550.0,2021,30105,45900,34,1.0,4.2,13023,1541
Godrej,150,3.0,1.4,905.88,2025,26990,40450,33,5.0,3.9,2563,205
Voltas,90,3.0,1.0,672.93,2025,27990,52390,46,5.0,4.1,7833,861
Panasonic,200,3.0,2.0,1975.0,2024,44290,67290,34,1.0,4.2,794,69
Voltas,150,5.0,1.5,758.96,2024,40660,79990,49,1.0,4.2,38065,3643
ONIDA,150,3.0,1.5,952.59,2025,27270,42290,35,1.0,4.1,15072,1776
Godrej,90,5.0,1.0,516.37,2025,30490,45050,32,5.0,4.0,2352,235
BPL,150,5.0,1.5,859.325,2023,34190,56490,39,1.0,4.1,7833,861
Blue Star,150,5.0,1.5,774.88,2023,60000,57798,40,1.0,4.2,12556,1070
Blue Star,150,3.0,1.5,1087.62,2023,36580,60500,39,1.0,4.1,24456,2068
Blue Star,150,3.0,1.5,998.07,2023,34490,64750,46,1.0,4.1,24456,2068
Samsung,90,3.0,1.0,626.62,2025,28990,53490,45,1.0,4.2,8392,905
CARRIER,150,5.0,1.5,754.05,2025,39490,70100,43,1.0,4.2,24631,3377
Haier,200,5.0,1.6,836.95,2024,39499,79000,50,1.0,4.1,179,16
Voltas,150,3.0,1.5,975.26,2024,31500,64990,51,1.0,4.2,76440,6627
Godrej,150,3.0,1.5,951.91,2025,29490,42300,30,5.0,4.0,18307,1520
Hisense,90,3.0,1.0,859.325,2025,28990,39630,26,1.0,4.1,457,87
Haier,150,3.0,1.5,925.24,2023,33850,80500,57,1.0,4.0,5332,534
Hitachi,150,5.0,1.5,813.13,2023,40990,62400,34,1.0,4.0,4987,700
Voltas,200,3.0,2.0,859.325,2022,42350,75000,43,1.0,4.1,1623,146
Voltas,200,3.0,2.0,859.325,2021,42350,74264,42,1.0,4.1,1623,146
Samsung,150,5.0,1.5,859.325,2025,41490,79190,47,5.0,4.2,25552,2605
Hitachi,150,3.0,1.5,859.325,2025,33490,57400,41,1.0,4.0,10198,1239
Hitachi,200,4.0,1.8,1096.51,2023,57350,90500,36,1.0,3.1,32,5
Acer,90,3.0,1.0,655.42,2025,25989,41499,37,1.0,4.1,44,4
Godrej,150,3.0,1.4,905.88,2025,26990,40450,33,5.0,3.9,2565,205
Voltas,90,3.0,1.0,672.93,2025,27990,52390,46,5.0,4.1,7833,861
Whirlpool,90,5.0,1.0,515.27,2023,33990,64200,47,1.0,4.1,6189,751
Blue Star,90,3.0,1.0,705.78,2023,34050,50400,32,1.0,4.1,4401,411
Blue Star,90,5.0,1.0,517.12,2023,38250,60500,36,1.0,4.1,2223,226
CARRIER,90,5.0,1.0,0.0,2019,37850,60500,37,1.0,4.1,4439,700
ONIDA,150,3.0,1.5,952.59,2025,27270,42290,35,1.0,4.1,15072,1776
Samsung,90,3.0,1.0,626.62,2025,28990,53490,45,1.0,4.2,8392,905
Hitachi,90,5.0,1.0,533.61,2023,38499,63350,39,1.0,4.2,956,166
Voltas,150,5.0,1.5,897.84,2021,38650,60490,36,1.0,4.2,38086,3644
Godrej,90,5.0,1.0,516.37,2025,30490,45050,32,5.0,4.0,2352,235
CARRIER,150,5.0,1.5,754.05,2025,39490,70100,43,1.0,4.2,24631,3377
Voltas,150,5.0,1.5,893.02,2022,37850,75400,49,1.0,4.2,38086,3644
Voltas,150,5.0,1.5,893.02,2022,38650,75400,48,1.0,4.2,38086,3644
Haier,150,3.0,1.5,859.325,2025,34999,64990,46,1.0,4.0,5332,534
Daikin,150,3.0,1.5,1045.0,2019,37499,48000,21,1.0,4.2,20497,1541
Godrej,150,3.0,1.5,951.91,2025,29490,42300,30,5.0,4.0,18307,1520
Hisense,90,3.0,1.0,859.325,2025,28990,39630,26,1.0,4.1,457,87
Voltas,150,3.0,1.5,859.325,2022,33590,68990,51,1.0,3.6,10,1
Daikin,150,3.0,1.5,966.47,2024,34160,69990,51,1.0,4.2,20497,1541
Samsung,150,5.0,1.5,859.325,2025,41490,79190,47,5.0,4.2,25552,2605
Hitachi,150,3.0,1.5,859.325,2025,33490,57400,41,1.0,4.0,10198,1239
Voltas,200,3.0,2.0,859.325,2024,50770,99990,49,1.0,4.1,1623,146
Hitachi,200,4.0,1.8,1096.51,2023,57999,96450,39,1.0,3.1,32,5
Electrolux,90,5.0,1.0,518.39,2023,35180,62990,44,1.0,2.3,7,3
Daikin,150,3.0,1.5,967.4,2023,35900,58400,38,5.0,4.2,20497,1541
Godrej,150,3.0,1.4,905.88,2025,26990,40450,33,5.0,3.9,2565,205
Voltas,90,3.0,1.0,672.93,2025,27990,52390,46,5.0,4.1,7833,861
BLACK+DECKER,150,3.0,1.5,859.325,2025,39999,55999,28,1.0,4.1,7833,861
Lloyd,150,5.0,1.5,859.325,2025,59880,94990,36,1.0,4.1,10738,1307
ONIDA,150,3.0,1.5,952.59,2025,27270,42290,35,1.0,4.1,15072,1776
Godrej,90,5.0,1.0,516.37,2025,30490,45050,32,5.0,4.0,2352,235
BPL,200,3.0,2.0,859.325,2024,37900,64990,41,1.0,4.1,7833,861
Lloyd,150,5.0,1.5,715.07,2023,36770,64900,43,1.0,4.1,10738,1307
Blue Star,90,3.0,1.0,859.325,2024,27500,32911,16,1.0,4.2,1654,176
Daikin,150,3.0,2.02,1372.85,2022,60999,86800,29,5.0,3.9,70,4
Samsung,90,3.0,1.0,626.62,2025,28990,53490,45,1.0,4.2,8392,905
CARRIER,150,5.0,1.5,754.05,2025,39490,70100,43,1.0,4.2,24631,3377
Daikin,150,3.0,2.02,1372.85,2022,70450,90500,22,1.0,3.9,70,4
Hitachi,90,5.0,1.0,533.61,2023,41138,63500,35,1.0,4.2,956,166
Godrej,150,3.0,1.5,951.91,2025,29490,42300,30,5.0,4.0,18307,1520
Hisense,90,3.0,1.0,859.325,2025,28990,39630,26,1.0,4.1,457,87
Samsung,200,3.0,2.0,1145.22,2023,46635,82990,43,1.0,4.0,353,18
Blue Star,150,3.0,1.5,998.07,2022,34150,61500,44,1.0,4.1,24469,2069
Hitachi,90,5.0,1.0,533.61,2023,40322,60500,33,1.0,4.2,956,166
Hitachi,200,3.0,1.8,1251.0,2023,59866,80500,25,1.0,3.7,179,12
CARRIER,150,3.0,1.5,952.68,2025,32990,62900,47,1.0,4.2,35585,4407
Godrej,150,3.0,1.4,905.88,2025,26990,40450,33,5.0,3.9,2565,205
Voltas,150,3.0,1.5,1039.98,2019,32850,55600,40,1.0,4.2,76440,6627
Haier,150,3.0,1.5,859.325,2025,27990,39900,29,1.0,3.9,409,36
Voltas,90,3.0,1.0,672.93,2025,27990,52390,46,5.0,4.1,7833,861
ONIDA,150,3.0,1.5,952.59,2025,27270,42290,35,1.0,4.1,15072,1776
CARRIER,90,3.0,1.0,1595.0,2021,32450,45999,29,1.0,4.2,13025,1541
Daikin,90,4.0,1.0,680.58,2021,34859,50700,31,1.0,4.3,396,41
Blue Star,90,3.0,1.0,681.21,2023,31599,46250,31,1.0,4.1,4401,411
Lloyd,150,3.0,1.5,999.69,2022,34490,66000,47,1.0,4.1,19215,2111
Godrej,90,5.0,1.0,516.37,2025,30490,45050,32,5.0,4.0,2352,235
Samsung,90,3.0,1.0,626.62,2025,28990,53490,45,1.0,4.2,8392,905
Blue Star,90,5.0,1.0,600.91,2021,38650,58999,34,1.0,4.1,2223,226
Blue Star,150,3.0,1.5,975.37,2021,36540,59000,38,1.0,4.1,24469,2069
CARRIER,150,5.0,1.5,754.05,2025,39490,70100,43,1.0,4.2,24631,3377
Godrej,150,3.0,1.5,951.91,2025,29490,42300,30,5.0,4.0,18307,1520
Blue Star,150,3.0,1.5,1012.44,2024,33850,60500,44,1.0,4.1,24469,2069
Haier,90,2.0,1.0,752.43,2022,49943,52490,4,1.0,4.0,102,12
Electrolux,150,5.0,1.5,758.6,2023,73990,57798,40,1.0,3.8,24,5
O-General,150,5.0,1.5,859.325,2023,41900,44630,6,1.0,4.1,7833,861
Hisense,90,3.0,1.0,859.325,2025,28990,39630,26,1.0,4.1,457,87
Samsung,150,5.0,1.5,859.325,2025,41490,79190,47,5.0,4.2,25552,2605
Blue Star,150,3.0,1.5,1026.37,2024,33490,63500,47,1.0,4.1,24469,2069
Godrej,200,3.0,2.0,1276.27,2024,64939,109000,40,5.0,4.1,7833,861
Godrej,150,3.0,1.4,905.88,2025,26990,40450,33,5.0,3.9,2565,205
Voltas,90,3.0,1.0,672.93,2025,27990,52390,46,5.0,4.1,7833,861
Blue Star,150,3.0,1.5,1076.23,2022,33850,52250,35,1.0,4.1,24456,2068
Voltas,150,3.0,1.5,859.325,2023,42050,80990,48,1.0,4.1,7833,861
Haier,200,5.0,1.6,828.37,2023,42850,79990,46,5.0,4.1,179,16
O-General,90,4.0,1.0,1560.0,2021,36926,42680,13,1.0,2.0,6,0
ONIDA,150,3.0,1.5,952.59,2025,27270,42290,35,1.0,4.1,15072,1776
Godrej,90,5.0,1.0,516.37,2025,30490,45050,32,5.0,4.0,2352,235
Godrej,150,3.0,1.5,1123.23,2021,29599,45990,35,1.0,4.0,18307,1520
Hitachi,150,3.0,1.5,1024.34,2023,37039,63100,41,1.0,4.0,10198,1239
Samsung,90,3.0,1.0,626.62,2025,28990,53490,45,1.0,4.2,8392,905
CARRIER,150,5.0,1.5,754.05,2025,39490,70100,43,1.0,4.2,24631,3377
Whirlpool,150,5.0,1.5,867.41,2020,36050,62433,42,1.0,4.2,20918,2369
Lloyd,150,3.0,1.5,1222.32,2022,49005,52999,7,1.0,4.1,3118,334
O-General,200,3.0,2.0,859.325,2023,73386,77900,5,1.0,4.1,7833,861
Hitachi,200,2.0,2.0,859.325,2024,43290,66900,35,1.0,3.7,35,4
Godrej,150,3.0,1.5,951.91,2025,29490,42300,30,5.0,4.0,18307,1520
Hisense,90,3.0,1.0,859.325,2025,28990,39630,26,1.0,4.1,457,87
Blue Star,150,5.0,1.5,774.88,2022,39850,74500,46,1.0,4.2,12556,1070
BLACK+DECKER,150,5.0,1.5,706.85,2024,42999,66999,35,2.0,2.3,3,1
Samsung,150,5.0,1.5,859.325,2025,41490,79190,47,5.0,4.2,25552,2605
Hitachi,150,3.0,1.5,859.325,2025,33490,57400,41,1.0,4.0,10198,1239
Lloyd,150,3.0,1.5,859.325,2025,31799,55990,43,1.0,4.1,19215,2111
Voltas,150,3.0,1.5,859.325,2024,31990,64990,50,1.0,4.2,76440,6627
